Date,Close,High,Low,Open,Volume,Daily_Return,Price_Change,MA_7,MA_30,MA_50,MA_200,Volatility_30
2020-10-19,982.2157592773438,1005.9113606750328,972.7149909324551,988.466891534098,31200385,0.00018390688581182424,0.18060302734375,1005.6727730887277,1008.8052042643229,985.9005249023437,755.1537579345703,0.01869181929809776
2020-10-20,973.0534057617188,989.7982821843228,971.4059645919401,983.4794597665089,18482288,-0.009328249347542616,-9.162353515625,1000.6725115094866,1009.9072347005208,986.2259436035156,756.6579440307618,0.018798977556080856
2020-10-21,958.9264526367188,989.3470825746206,946.8078286470422,978.5148226542062,34082321,-0.014518168315685864,-14.126953125,993.4220057896206,1010.1705220540365,986.1428967285157,758.0342749023438,0.018908101007492097
2020-10-22,950.9601440429688,962.4919944695694,943.7612212611413,960.1901490428081,30802210,-0.008307528248746698,-7.96630859375,982.218976702009,1009.3520812988281,985.9564916992188,759.3666555786133,0.018350786818745364
2020-10-23,953.7133178710938,963.6202899304686,946.1984454833869,950.5313131498879,23422125,0.0028951516479123196,2.753173828125,970.9708164760044,1006.3288289388021,985.8752478027344,760.7921755981446,0.012511586053229627
2020-10-26,915.822998046875,948.7034169019341,911.0387387404159,948.7034169019341,37324416,-0.039729255232378025,-37.89031982421875,959.5324619838169,1001.9560587565104,985.1106713867188,761.976812133789,0.014146576352713899
2020-10-27,918.2601928710938,929.7017279504099,904.9455209838884,918.4407016571695,36478896,0.0026612072741309944,2.43719482421875,950.4217529296875,997.9232930501302,984.5974914550782,763.1991284179687,0.014190961352073334
2020-10-28,907.8567504882812,928.7314227324945,906.028800472741,921.5550042670169,29924017,-0.011329514731858725,-10.4034423828125,939.7990373883929,993.298514811198,983.6307116699219,764.2918350219727,0.014092192587654652
2020-10-29,914.8299560546875,921.6452970796064,898.6267252669395,901.3347749825296,30655304,0.007680953589490613,6.97320556640625,931.4814017159598,988.8204223632813,982.686044921875,765.420187072754,0.014214539571388197
2020-10-30,927.287109375,932.0713684328344,912.5281277212341,917.8088456567091,34021563,0.013616905784366251,12.4571533203125,926.9614955357143,985.1457234700521,982.3019519042969,766.619619140625,0.014529153413903888
2020-11-02,847.3766479492188,914.8751840367496,839.1170566069392,914.8751840367496,99366895,-0.08617661198767401,-79.91046142578125,912.1638532366071,978.7027852376302,980.4568566894532,767.4513369750977,0.02086530094352825
2020-11-03,835.1677856445312,861.6165651396491,828.2622490237949,853.0410235222982,88691623,-0.01440783426618475,-12.2088623046875,895.228777204241,972.6028645833334,978.2421118164062,768.2343673706055,0.020727456403313867
2020-11-04,863.5120849609375,870.6433759833506,829.1196689111366,829.1196689111366,80180117,0.03393844902019527,28.34429931640625,887.7557896205357,968.1202596028646,976.7174694824218,769.1278381347656,0.021819471258727376
2020-11-05,882.3783569335938,885.063843200435,871.9974294692396,882.3557933334056,37205373,0.02184830102697366,18.86627197265625,882.6298130580357,963.9709025065105,975.0718676757813,770.0196786499023,0.02221988691235715
2020-11-06,915.8455200195312,920.7425971059893,892.8269476303738,898.1754160907856,66674086,0.0379283589890409,33.4671630859375,883.7710658482143,961.6833353678386,974.3366271972657,771.1871731567383,0.023223130154338138
2020-11-09,925.5719604492188,933.8315508837121,918.9371879060812,930.7172966945931,35838510,0.01062017580156982,9.7264404296875,885.3056379045759,959.4115681966146,973.7458154296875,772.3998489379883,0.023245120348183088
2020-11-10,940.8500366210938,943.3098869382017,921.2842908558239,937.4423956918613,36934242,0.016506632465896898,15.278076171875,887.2431989397321,957.430165608724,973.7805688476562,773.690139465332,0.023442358966261543
2020-11-11,901.425048828125,945.5665526357731,892.8043809348467,942.858502861752,56724780,-0.04190358320498877,-39.42498779296875,894.9643990652902,953.7013081868489,972.9676965332031,774.7977767944336,0.02437445532453884
2020-11-12,893.6619262695312,906.502703689629,886.8917719189561,894.1133176465529,40046527,-0.008612055509979455,-7.76312255859375,903.3207048688616,949.8746561686198,971.629912109375,775.8783990478515,0.024390922998610728
2020-11-13,901.06396484375,919.2305871473199,894.4518154997988,894.564633496026,45388670,0.00828281742416559,7.40203857421875,908.6852591378348,946.4316487630208,970.5854992675781,777.0294284057617,0.024488976016336716
2020-11-14,903.7269287109375,909.5944198559474,900.5901107359409,909.4139110537326,5226220,0.0029553549704424142,2.6629638671875,911.7350551060268,943.2737426757812,969.9089343261719,778.271254272461,0.024510229956165766
2020-11-17,899.6422119140625,941.0531016992426,895.9186211486201,941.0531016992426,46542562,-0.004519857345295031,-4.084716796875,909.4202968052456,940.007509358724,969.1019287109375,779.4746221923829,0.02450814090302341
2020-11-18,896.9116821289062,905.6226647867821,884.6802404612616,899.6422957138947,30402290,-0.0030351285755554347,-2.73052978515625,905.3259713309152,935.9408976236979,968.0196057128907,780.7447128295898,0.024068916332085962
2020-11-19,890.5703125,907.405445431904,888.3361577898231,896.9116993129645,27796343,-0.0070702274875653615,-6.34136962890625,898.1431535993304,931.9374735514323,966.3207446289063,782.0545663452149,0.02406362927917295
2020-11-20,857.3287963867188,895.377116449163,855.297714134409,891.4052660410506,57471248,-0.037326099519268685,-33.24151611328125,891.8436889648438,926.9132588704427,962.5791027832031,783.2564346313477,0.02482115680372553
2020-11-23,880.4375610351562,889.148483349999,869.4021701299365,880.5729426320072,45327567,0.02695437823368496,23.1087646484375,889.9544939313616,922.6051778157552,959.2477319335937,784.4827838134765,0.025479238770511167
2020-11-24,886.4630126953125,890.9538853742781,871.997417187929,886.4404490954421,30936268,0.006843701276297187,6.02545166015625,887.8686436244419,917.8412333170573,956.19212890625,785.6900555419921,0.025175265875397725
2020-11-25,879.1286010742188,899.5068137121415,876.6011198738435,893.6618865906463,32637879,-0.008273793171351018,-7.33441162109375,884.3545968191964,912.7305053710937,952.8426989746093,786.8399490356445,0.02514136137101893
2020-11-26,881.2952270507812,886.8918959261763,871.1174305021915,881.4983591680497,25838637,0.0024645154007219006,2.1666259765625,881.7335989815848,908.9106302897136,949.4851489257812,788.0544442749024,0.024506214023700006
2020-11-27,871.0044555664062,882.8748194602481,867.2131737985623,875.8338420233673,47336811,-0.011676871913640863,-10.290771484375,878.0325666155134,905.2096069335937,946.1546765136719,789.2131439208985,0.024477673434526417
2020-12-01,882.333251953125,887.456025013745,871.1173516152288,875.7661696758335,19750687,0.013006588329507185,11.32879638671875,876.8558436802456,901.8801900227865,942.9880456542969,790.3903042602539,0.024659013272109762
2020-12-02,883.8001708984375,885.5378667077028,873.3515518250487,883.9581161119759,22188887,0.0016625452368086435,1.4669189453125,880.637468610491,898.9050821940104,940.3007409667969,791.5357244873047,0.024647499111859393
2020-12-03,886.4630126953125,894.1584537844419,884.0257260648682,890.0512219953362,27785372,0.0030129455555185647,2.662841796875,881.4982474190848,896.4896341959635,938.0701965332031,792.6858874511719,0.024570263452526046
2020-12-04,878.6547241210938,888.6971374121213,875.6081607043218,888.6971374121213,18464552,-0.008808363645627426,-7.80828857421875,880.3827776227679,894.0794535319011,935.5061096191406,793.7670623779297,0.02457464437477747
2020-12-07,883.8226318359375,886.8917588790096,875.8789913444388,875.8789913444388,18242188,0.0058816137590487205,5.16790771484375,881.0533534458706,891.7497639973958,933.4931115722657,794.8948944091796,0.02460258627559962
2020-12-08,899.867919921875,909.120487964561,880.1216067950427,885.1541251431139,43403061,0.0181544209301443,16.0452880859375,883.7065952845982,891.2179280598958,931.6159704589844,796.1271105957031,0.023817826660723143
2020-12-09,914.8525390625,917.9442894095523,902.3503351540464,907.179721423537,29175254,0.016652020600896655,14.984619140625,889.9706072126116,891.1043395996094,929.9071789550782,797.3532058715821,0.024014052371725225
2020-12-10,905.84814453125,915.5520433503464,903.1400950145863,912.437789390786,16065507,-0.009842454545163415,-9.00439453125,893.3298775809152,891.0373860677083,927.7583264160156,798.5740216064453,0.023991037156806918
2020-12-11,905.306640625,919.8399265746882,891.0666814664153,908.556276462948,26944202,-0.0005977866262896203,-0.54150390625,896.4022303989956,890.7199422200521,925.6952294921875,799.883415222168,0.02394973956965695
2020-12-14,898.7620849609375,909.4589616611561,896.5279305693003,906.2769570615246,17312747,-0.007229103786916102,-6.5445556640625,898.1592407226562,889.7691080729167,923.5833874511719,801.2236520385742,0.02384128247608456
2020-12-15,891.1118774414062,898.0399769590505,885.1315087967429,898.0399769590505,18551265,-0.008511938417900433,-7.65020751953125,899.9388340541294,891.2269490559896,921.4363427734374,802.5799633789062,0.01766221326022049
2020-12-16,892.1047973632812,900.40957493361,887.2077202532149,897.272697360613,18561011,0.0011142483306652018,0.992919921875,901.1220005580357,893.1248494466146,919.3258544921875,803.9540411376953,0.017395476789291653
2020-12-17,896.1895751953125,904.945685521438,892.3757294754389,895.693116251279,20252358,0.004578809400088701,4.08477783203125,900.5965227399554,894.2140991210938,916.8714453125,805.4767880249024,0.016351445503756154
2020-12-18,898.875,904.9004961820984,886.8918178223723,893.7071594170455,18466344,0.002996491901952947,2.6854248046875,898.3140171595982,894.7639872233073,914.6354846191406,807.0407928466797,0.015893081961108158
2020-12-21,875.4727172851562,912.6183705411303,837.3567098855556,907.2022710782971,44135540,-0.0260350802000765,-23.40228271484375,893.9746704101562,893.4182271321614,911.9838342285157,808.4283395385742,0.014997356881848221
2020-12-22,874.1187133789062,884.1385629445498,852.3413186774952,879.6702540717112,28140001,-0.001546597489009982,-1.35400390625,889.5192522321429,891.7031188964844,909.2726086425781,809.8161297607422,0.014824841528657113
2020-12-23,877.3458251953125,880.7760293674728,866.8745845082068,871.0946936975114,19501410,0.003691846161183232,3.22711181640625,886.4597865513393,889.5863118489583,906.2318981933594,811.2836209106446,0.014459363088011195
2020-12-24,900.0485229492188,902.1472362313513,878.2711268911072,878.7675857883312,20776988,0.025876566687773606,22.70269775390625,887.7364501953125,889.5404276529948,903.5838598632813,812.9540185546875,0.013294063607940249
2020-12-28,904.1782836914062,910.8130563627905,900.5675108718648,905.7128472166959,17221499,0.004588375667408773,4.1297607421875,889.4612339564732,889.8909729003906,901.7495959472657,814.994287109375,0.013216226554188795
2020-12-29,898.1980590820312,908.2404734290649,894.8129219384762,906.7510369627275,18611939,-0.006613988322037634,-5.980224609375,889.7481602260044,889.7954427083333,900.0728540039063,816.9169317626953,0.013192577911078878
2020-12-30,900.6577758789062,905.9384938821528,891.6534670154136,900.5449578807359,22043630,0.0027385015721241857,2.459716796875,890.0028424944196,889.6931376139323,898.4416943359375,819.0534817504882,0.013190949755551459
2020-12-31,896.0540771484375,908.0598221912284,893.0300772883096,899.7551043755919,18781189,-0.005111485021018325,-4.60369873046875,892.9430367606027,889.5735331217448,896.9017077636719,821.072833404541,0.013198335456654737
2021-01-01,897.047119140625,901.3348599535196,894.5647051802756,897.27275515116,10015175,0.0011082389082450739,0.9930419921875,896.218523297991,889.578047688802,895.66412109375,823.2966423034668,0.013187681431668182
2021-01-04,898.55908203125,902.1923588792536,888.2458453983129,900.4772865018267,24513534,0.0016854888203348128,1.511962890625,899.2489885602679,889.8443400065104,894.6160998535156,825.5451547241211,0.013120482945779569
2021-01-05,887.3882446289062,895.2867576296607,882.8296217394585,888.6971124168427,24123091,-0.012431945350873663,-11.17083740234375,897.4403773716518,890.8463216145833,893.2895983886718,827.8257585144042,0.011316666365051586
2021-01-06,863.986083984375,887.3431107117481,859.8788522034279,887.297983512097,46401468,-0.0263719525091497,-23.40216064453125,891.6986345563616,890.297939046224,892.2528601074218,830.1024562072754,0.011321715070241468
2021-01-07,862.5869750976562,877.8649808483686,859.8789250447446,866.8070252352164,32325918,-0.0016193650715606855,-1.39910888671875,886.6113368443081,889.5020711263021,891.1393957519531,832.148954925537,0.011235820241618052
2021-01-08,872.7647094726562,874.8860460383853,863.0156822176616,865.678604878862,27540187,0.011799081911534559,10.177734375,882.6266130719866,889.28994140625,890.4375549316406,834.5444665527343,0.011375207566450156
2021-01-11,856.313232421875,875.0665690475399,854.1693322211945,875.0665690475399,33307825,-0.018849842199418876,-16.45147705078125,876.9493495396206,888.4572082519531,889.2672204589844,836.7255798339844,0.011859686938963125
2021-01-12,883.3036499023438,884.6350813991116,857.5092762592445,858.9084582491231,41161546,0.03151932780967637,26.99041748046875,874.9859967912946,888.8671813964844,888.3875512695313,838.7324998474121,0.01306577658776231
2021-01-13,875.0665893554688,891.3826993524976,865.8817711258671,886.2373626282811,26619458,-0.009325287569892482,-8.237060546875,871.6299264090402,888.6249593098959,888.9413500976563,840.7339694213867,0.012967396539041711
2021-01-14,884.9059448242188,887.7494361349055,875.1794806347706,877.8649670437152,21553242,0.011244121977045385,9.83935546875,871.2753121512277,888.6618184407552,889.93611328125,842.7859715270996,0.013131668538998668
2021-01-15,874.4572143554688,890.86357691647,866.6038285437963,884.9058318391973,20593268,-0.011807729996463734,-10.44873046875,872.7711879185268,888.2616251627604,890.1550158691406,844.8639903259277,0.013297012698334804
2021-01-18,895.4447631835938,901.3348178565226,868.093322463363,879.7154269171596,35100458,0.0240006583324881,20.987548828125,877.4651576450893,888.8212931315104,890.4163439941407,846.8614819335937,0.013913885915257657
2021-01-19,910.0909423828125,916.6805284572496,900.2741645341835,900.2741645341835,32006615,0.01635631788961156,14.64617919921875,882.7974766322544,889.6969034830729,890.3012524414063,849.0063456726074,0.014176706042291237
2021-01-20,927.3773803710938,928.8668167227358,903.3207030552749,912.3476352561834,30924537,0.018994187485287695,17.28643798828125,892.9494977678571,890.6138854980469,890.3373608398438,851.2443212890626,0.014212379532865022
2021-01-21,947.5524291992188,956.8501242760648,936.5396618324675,939.6990432246472,39087742,0.021754950309497367,20.175048828125,902.1278948102679,891.7038818359375,890.4714086914063,853.2967367553711,0.014433721223123403
2021-01-22,925.0755615234375,954.7514714069698,918.5536065523528,952.7880800202875,30532660,-0.0237209752021601,-22.47686767578125,909.2720336914062,892.344795735677,890.9444189453125,855.2678271484375,0.0150130143683312
2021-01-25,876.0595092773438,918.4633177239738,871.9974047459384,918.4633177239738,54207104,-0.05298599842522367,-49.01605224609375,908.0082571847098,891.3698913574219,890.5923706054688,856.9319415283203,0.01794318668549415
2021-01-27,855.2977294921875,868.8380990078514,852.1383477435087,868.8380990078514,42370131,-0.02369905190833732,-20.76177978515625,905.2711879185268,889.9210795084635,889.6770458984375,858.560821838379,0.01838876577264038
2021-01-28,846.9703979492188,868.0707665841978,844.0140887864603,848.5952159319003,34067814,-0.009736178708100729,-8.32733154296875,898.3462785993304,888.449696858724,888.5419152832031,860.2355661010743,0.018406245045316204
2021-01-29,831.3538818359375,863.4670185270817,825.9602859922227,854.9817319108826,43712383,-0.01843808963228677,-15.61651611328125,887.098127092634,886.4246663411458,887.1761486816406,861.7917056274414,0.018653994426939588
2021-02-01,855.4330444335938,859.8110390936073,834.0844184137254,839.2297544881135,34180952,0.028963794027737633,24.07916259765625,876.8203648158482,885.0661153157552,886.3465759277344,863.3436697387696,0.019471945489911012
2021-02-02,869.1990966796875,875.6081736879117,837.2213427448476,863.9860695183817,41470034,0.016092495298926313,13.76605224609375,865.6270315987723,884.0769185384114,885.9191516113282,864.9203805541993,0.01971835328077247
2021-02-03,871.3881225585938,881.024271808645,857.5543678212887,870.3274543100903,30301696,0.0025184401217952512,2.18902587890625,857.9573974609375,883.9407653808594,886.2003381347656,866.5223971557617,0.01914554177480013
2021-02-04,868.5220336914062,875.6081377765653,859.8110520523379,868.3865924082124,25626981,-0.003289107107372513,-2.8660888671875,856.880615234375,883.754209391276,885.9620275878906,867.828991394043,0.01915310784352873
2021-02-05,868.2738037109375,877.7069402051127,866.5812949964159,871.1172947571725,20248046,-0.00028580734954264386,-0.24822998046875,858.7343401227679,883.4518086751302,885.5982434082031,869.1180914306641,0.019140177871520003
2021-02-08,880.7761840820312,888.6972620146496,870.6660785761458,872.4714055265682,21183400,0.014399121933265091,12.50238037109375,863.563738141741,882.8093973795573,885.6311950683594,870.3670623779296,0.01871154134082155
2021-02-09,882.8973999023438,897.9948961529354,881.1597638793062,885.5152551213864,19604141,0.002408348293980289,2.1212158203125,870.9270978655134,882.1000345865885,885.6632385253906,871.5982522583008,0.01869512075305474
2021-02-10,891.0892333984375,895.8058015904561,869.8760478719553,881.8141615916637,21234156,0.009278352724789718,8.19183349609375,876.0208391462054,881.8630737304687,886.0649340820313,872.8739636230468,0.01874461685194562
2021-02-11,927.8287353515625,931.6652040177879,890.1640575276463,893.6619528050209,42539278,0.04122987976524839,36.739501953125,884.396501813616,882.7687723795573,886.97484375,874.3360440063476,0.020205573519663414
2021-02-12,921.4647827148438,937.8937101488065,909.6395460369704,927.7384783498696,30497029,-0.006858973422834702,-6.36395263671875,891.550310407366,883.6157958984375,887.7281359863281,875.6793612670898,0.020226871828016933
2021-02-15,917.4027099609375,930.3563061780627,913.9725053748315,924.375996830397,15791099,-0.004408277809531125,-4.06207275390625,898.5332641601562,884.2943155924479,888.3469299316406,877.0709432983399,0.020252146396536542
2021-02-16,929.5438232421875,938.5255683500038,918.4858688517324,920.6297689320974,21421660,0.013234224348178447,12.14111328125,907.2861240931919,885.3271402994792,889.3647119140625,878.4665676879882,0.02037604552752851
2021-02-17,940.2633056640625,945.9953555067547,925.5268870227972,929.7695004811927,23742994,0.011531981767665567,10.719482421875,915.7842843191964,887.0896423339843,890.493525390625,879.91556640625,0.020287381229972003
2021-02-18,933.244873046875,951.6145681859424,929.3632772705301,941.0531321070791,18646877,-0.007464326827293033,-7.0184326171875,922.9767804827009,889.3982686360677,891.161064453125,881.2266101074218,0.01965521284561241
2021-02-19,938.9318237304688,950.0574695218014,926.745509641073,928.4155145358285,23403483,0.006093739004455312,5.68695068359375,929.8114362444196,891.9430969238281,891.6426501464844,882.4439660644531,0.019646380405401648
2021-02-22,906.3447875976562,943.2648094400308,900.409664928644,938.7964999678287,23804335,-0.0347064987139758,-32.5870361328125,926.7423008510044,893.0624328613281,891.6525830078125,883.464990234375,0.020734275140441398
2021-02-23,913.2728881835938,926.5649977273687,908.8271426020757,924.3534067368045,25644108,0.007644001135926448,6.9281005859375,925.5720302036831,894.9610880533854,891.8119079589844,884.7378472900391,0.02040057378998821
2021-02-24,930.2208862304688,932.1390906998175,914.4914901976813,916.2291858661802,10807663,0.018557430387080576,16.947998046875,927.4031982421875,896.5249959309896,892.441083984375,886.0255667114258,0.01989245412174578
2021-02-25,967.8403930664062,971.2931609562635,935.6369439506498,936.9909986645049,34855693,0.040441477280071414,37.6195068359375,932.8741367885044,899.6174560546875,893.975654296875,887.6373620605468,0.020968410315944486
2021-02-26,941.4141235351562,963.1237666915109,934.5987828713652,955.496076817354,37481215,-0.02730436724956653,-26.42626953125,933.0385393415179,901.5010620117188,894.9618408203125,889.0643206787109,0.021652408849207556
2021-03-01,948.5905151367188,953.2393924295695,930.8977886745398,952.4269238065036,17680764,0.0076229912236860375,7.1763916015625,935.2307739257812,903.9721720377604,896.0098596191406,890.5690786743164,0.021506186261680903
2021-03-02,950.5313110351562,961.3635697154016,942.9036206682259,957.752856616694,17150760,0.0020459786045381456,1.9407958984375,936.8878435407366,905.8083902994791,897.0429858398437,892.155125427246,0.02113518279373763
2021-03-03,993.9055786132812,1001.9395335212855,951.0730007855624,957.3241328149178,31924461,0.04563160316190862,43.374267578125,949.3965279715402,908.6022115071614,899.4116430664062,893.9023034667969,0.022446096556956452
2021-03-04,982.0577392578125,988.4216890350315,973.865839474236,983.9308164628377,21435754,-0.011920487831448834,-11.84783935546875,959.2229352678571,910.4248901367188,901.5704235839844,895.5732739257812,0.022404870767531553
2021-03-05,983.3440551757812,998.3512962856287,971.7670781260525,973.0985692708165,25511666,0.0013098169960361616,1.28631591796875,966.8119594029018,911.6179443359375,903.6903881835938,897.2724768066406,0.022096937901532835
2021-03-08,988.9408569335938,1007.355680497462,978.5148017597687,978.7404377726681,19506841,0.005691600745795888,5.5968017578125,969.8263113839286,913.7467875162761,905.4682348632813,899.016520690918,0.0215871909491208
2021-03-09,988.9181518554688,999.1862609710787,968.8559482883367,992.9576927650287,15154484,-2.2958984822851747e-05,-0.022705078125,976.6126011439732,917.5087422688802,907.1630322265624,900.7121279907227,0.018894730134598213
2021-03-10,984.8109741210938,999.7730887336929,979.5302558776189,996.1171885060364,11519358,-0.00415320289820631,-4.107177734375,981.7869524274554,921.825850423177,908.8952905273437,902.3271893310547,0.018223958268828108
2021-03-12,964.7938232421875,995.8462898296174,958.6103823666095,990.7009535816271,16864952,-0.020325881214687702,-20.01715087890625,983.8244541713169,925.7532979329427,910.1780114746093,903.8598080444336,0.01861499752272242
2021-03-15,951.8402709960938,969.894016181107,939.022056998036,965.899662068002,16698099,-0.013426238781839794,-12.95355224609375,977.8151245117188,929.7695109049479,911.2937353515625,905.2019073486329,0.018423382633038155
2021-03-16,948.0940551757812,959.558213666829,945.7922099765842,954.142054646313,13873801,-0.0039357610036735435,-3.7462158203125,972.9631696428571,932.8582112630208,912.3146740722656,906.4907754516602,0.01790005046393954
2021-03-17,927.6707763671875,949.1773492874154,918.5310260738679,946.9431947370554,19210236,-0.02154140583109887,-20.42327880859375,965.0098440987723,934.8072672526042,912.8969079589843,907.6641534423828,0.018307555032812898
2021-03-18,906.796142578125,940.9629260845496,903.1402423037733,935.5918936777657,20647480,-0.02250220047979601,-20.8746337890625,953.274884905134,935.9875345865886,913.2850659179687,908.6474136352539,0.018860399224831834
2021-03-19,939.6990966796875,945.9502287147974,894.9257507304794,898.6267780925764,41787429,0.03628484127426446,32.9029541015625,946.2435913085938,938.3601033528646,914.799326171875,909.7909182739257,0.019870821892363163
2021-03-22,930.8526611328125,936.0882516774249,917.6734303772165,934.7342566902689,18572478,-0.009414115197229456,-8.846435546875,938.5352608816964,940.4460652669271,916.1646398925782,910.9176113891601,0.019989528537558133
2021-03-23,942.1815185546875,952.2013688377597,927.9641819762402,930.6496682735799,17421165,0.012170408803567456,11.328857421875,935.304931640625,942.492909749349,917.5529760742188,912.1736575317383,0.019947933020463833
2021-03-24,924.0374755859375,938.6835805295864,920.9232211318065,938.6835805295864,16822814,-0.019257481293607936,-18.14404296875,931.3331037248884,943.8642456054688,918.9074609375,913.2603182983398,0.0203374989904648
2021-03-25,898.829833984375,927.0614339788925,895.9186520687285,927.0614339788925,22001648,-0.027279890986648736,-25.2076416015625,924.2953578404018,944.122265625,919.2179846191407,914.2983700561523,0.020954743442744624
2021-03-26,900.274169921875,908.8722746334809,890.818529006779,908.1049928320286,20180202,0.0016069069838253736,1.4443359375,920.3815569196429,943.203780110677,919.7221362304688,915.228791809082,0.019496968468195774
2021-03-30,915.9132690429688,924.7596332154852,898.8750045089173,906.2996230548414,20441701,0.017371484869382448,15.63909912109375,921.6840035574777,943.018729654948,920.3422827148438,916.1795343017578,0.019738637914695368
2021-03-31,904.0879516601562,925.2108826971944,902.2374380883726,910.8130382876154,16250796,-0.012910957601005912,-11.8253173828125,916.596697126116,942.5749043782552,920.9348974609375,917.0640704345703,0.01986455025533339
2021-04-01,912.55078125,916.2292452262719,904.1106213459858,910.813145160988,11723312,0.009360626446026199,8.46282958984375,913.9821428571429,942.0084696451823,921.2770178222656,917.9962023925781,0.019785994211809432
2021-04-05,899.3489990234375,913.9725410564147,885.5829932474485,913.9499774544976,14875099,-0.014466901456682613,-13.2017822265625,907.8632114955357,940.6446594238281,921.0621789550781,918.7711865234374,0.01981349890636457
2021-04-06,895.602783203125,904.9230424620014,888.6971873373794,904.4942743627021,14009194,-0.004165475054045076,-3.7462158203125,903.8011125837054,939.3899230957031,920.4266870117187,919.2948150634766,0.01978720647956518
2021-04-07,903.97509765625,923.8568508845015,899.6647938214671,902.6887934928391,24266353,0.009348245237895902,8.372314453125,904.536150251116,938.2246988932292,919.5551403808594,919.8900854492188,0.019837336942221562
2021-04-08,905.1035766601562,912.6184496390974,899.5294718287386,907.6536814191865,15369188,0.0012483518703469976,1.12847900390625,905.2260654994419,938.1833251953125,919.1557006835938,920.5477499389649,0.018794072909096852
2021-04-09,894.5872192382812,905.5548598128081,893.661932570132,901.9892738152234,14037885,-0.011618954662272474,-10.516357421875,902.1794869559152,937.560469563802,919.5262548828125,921.1372119140625,0.018857232330693606
2021-04-12,862.5869750976562,885.2670360594527,857.6673339221142,884.1838040998745,20901482,-0.035770960564216914,-32.000244140625,896.2507760184152,935.306005859375,919.6720397949218,921.5890359497071,0.01955780285972489
2021-04-13,871.9071655273438,875.8790157297038,865.6109063786529,868.3866470158723,19411189,0.010804928313034479,9.3201904296875,890.4445452008929,932.108231608073,920.1707751464844,922.0340811157226,0.018010155440627985
2021-04-15,877.5489501953125,885.0863863250735,863.421868505896,869.4247410901053,19723716,0.006470625418655063,5.64178466796875,887.3302525111607,929.9793924967448,921.0946765136719,922.5489154052734,0.017507639104446828
2021-04-16,872.0425415039062,880.0764962565872,869.492436882543,874.0736236379038,15656948,-0.006274759590539913,-5.50640869140625,883.9645036969866,927.427793375651,921.4268664550781,923.0790341186523,0.017422653111330913
2021-04-19,858.3216552734375,864.9564280013587,853.0409372873982,859.3597599294095,18478808,-0.01573419366308204,-13.72088623046875,877.4425833565848,924.3541381835937,921.2093176269532,923.46525390625,0.017559115836137305
2021-04-20,858.0734252929688,866.1298835841033,853.2440391612164,862.2934748740392,17203668,-0.0002892039120109269,-0.24822998046875,870.7239903041294,919.8263997395833,920.9430236816406,923.7829998779297,0.01496047208444905
2021-04-22,860.4429931640625,864.0763296197583,847.0380660893645,854.05647971313,14490954,0.0027614977940666474,2.36956787109375,865.8462437220982,915.7725748697917,920.7814428710938,924.0504211425781,0.014958912334680555
2021-04-23,859.517822265625,866.0848449417196,855.4557174605446,860.262540485022,11828857,-0.0010752262564605042,-0.9251708984375,865.4077933175223,911.6450337727864,920.6063232421875,924.1690121459961,0.014934449948070883
2021-04-26,874.6378173828125,885.5378273951245,862.7448895453444,866.5813583165724,20846778,0.01759125259012362,15.1199951171875,865.7978864397321,907.8349324544271,920.4835559082031,924.4271810913086,0.015362733875582207
2021-04-27,897.5662231445312,901.4251961956888,874.8184700013499,875.6083154940629,19992524,0.026214743184016065,22.92840576171875,868.6574968610491,904.7898681640625,920.7769323730469,924.8574255371094,0.0163127494435132
2021-04-28,901.4701538085938,906.2995399608012,893.729645559396,901.7184130880825,17122437,0.0043494625392490605,3.9039306640625,872.8614414760044,902.0118408203125,920.98455078125,925.247950744629,0.016367537055620062
2021-04-29,913.543701171875,922.7737059327087,905.9837012820783,913.0246189844161,17412606,0.013393174818125742,12.07354736328125,880.7503051757812,900.3035034179687,920.6988500976563,925.5774322509766,0.016281010975948
2021-04-30,900.2064819335938,918.9372550182458,897.0696639164535,906.5253048610995,19828769,-0.014599432102889609,-13.33721923828125,886.7693132672991,898.5823771158854,920.2736840820312,925.7117071533203,0.016311554497489084
2021-05-03,884.2063598632812,893.2106694861402,877.007436823715,887.3431780134558,23640186,-0.017773835660397697,-16.0001220703125,890.164079938616,896.4527872721354,919.6097570800781,925.8066024780273,0.01656973795220822
2021-05-04,865.046630859375,888.1555160324492,862.5191497068099,880.121561842195,21849830,-0.021668843240246316,-19.15972900390625,890.9539097377232,894.3653157552084,918.3198132324219,925.9704400634765,0.016574885610000863
2021-05-05,866.62646484375,874.9311830141904,861.1877417678091,868.0933376376232,12393609,0.0018262992167319414,1.579833984375,889.8094308035714,893.0263264973959,916.8470764160156,926.1435305786133,0.01613637815445927
2021-05-06,871.546142578125,873.3515291463112,860.5333143582229,867.4163469186785,14624666,0.005676814560771515,4.919677734375,886.0922764369419,890.754561360677,915.6131018066407,926.1870855712891,0.014563570012906781
2021-05-07,871.8845825195312,882.6717141211767,869.289350739611,874.5926322966467,12288548,0.0003883213118298645,0.33843994140625,881.8657662527902,888.7889587402344,914.2721569824218,926.2138278198242,0.014510724282084341
2021-05-10,869.379638671875,878.677334300937,867.010102487007,875.1568754240988,13941237,-0.0028730222989120646,-2.50494384765625,875.5566144670759,886.3622294108073,913.5328540039062,926.111485900879,0.014259154355032059
2021-05-11,872.5165405273438,874.9537675806936,862.0678622246373,864.324640162575,13478264,0.003608207181227341,3.13690185546875,871.6009085518973,884.6448649088542,912.7177270507813,925.9515972900391,0.013944504341208468
2021-05-12,863.4895629882812,872.4036175039552,860.7138223730607,871.1398768410697,13177961,-0.010345909928087593,-9.0269775390625,868.6413661411831,883.466855875651,911.3831005859375,925.6251623535156,0.013201121435190553
2021-05-14,874.3895874023438,876.5108642766377,860.2625054108522,870.2146050700743,13291616,0.012623226592734627,10.9000244140625,869.97607421875,882.6040364583333,909.5140844726562,925.1538464355468,0.013434531058510113
2021-05-17,884.7930297851562,886.1921519936135,871.2752254332202,874.3895393110239,11873078,0.011897948617754395,10.4034423828125,872.5712977818081,881.5666951497395,908.3816625976563,924.7118676757813,0.013213401174482603
2021-05-18,897.250244140625,903.8624540940559,890.276956857108,894.1134258737994,12064918,0.014079241061035086,12.45721435546875,876.2433122907366,881.3387715657552,907.3548571777344,924.283655090332,0.013297732743821906
2021-05-19,901.357421875,910.1135316770341,890.0512670062741,893.661980396703,16317002,0.004577516429999706,4.107177734375,880.4537179129464,880.9656595865886,906.3713793945312,924.0588861083984,0.01320792885836771
2021-05-20,896.0993041992188,907.6085916449601,894.1134087677735,901.7411000663334,11422532,-0.005833554534718677,-5.25811767578125,884.2708129882812,880.8573364257812,904.41525390625,923.7802941894531,0.012981320048145397
2021-05-21,903.8397827148438,907.0217278069957,896.3700373777015,899.0780871843959,10785605,0.008637969563587644,7.740478515625,888.7455618722098,881.1319030761719,902.8508947753907,923.6346231079101,0.013051248627400966
2021-05-24,896.2119750976562,907.1119838096187,894.5645936578591,906.2995151967815,8551760,-0.008439336000763298,-7.6278076171875,893.4201921735491,880.8731323242188,901.1082531738281,923.5819277954101,0.01303418160434141
2021-05-25,886.0568237304688,901.3348284850034,884.6350781454706,901.0640055897504,14780102,-0.01133119356732648,-10.1551513671875,895.0869402204241,880.2382405598959,899.0505725097656,923.1589050292969,0.013187263842553478
2021-05-26,889.1710815429688,893.436318314461,887.0272410491106,891.4052361303035,7480204,0.003514738252777594,3.1142578125,895.7123761858259,880.0577026367188,897.0556311035157,922.8059539794922,0.013040820526946353
2021-05-27,891.9017944335938,899.5294855338184,885.6506620923865,889.2839988316376,26819294,0.0030710770371507046,2.730712890625,894.9483119419643,881.03486328125,895.1974475097657,922.449391784668,0.011173725388933084
2021-05-28,945.4763793945312,950.0800703747383,898.1754900723914,898.1754900723914,56469931,0.06006780712327231,53.5745849609375,901.2510201590402,883.4871704101563,894.8110986328124,922.3328323364258,0.015442272574542495
2021-05-31,975.0393676757812,989.2115769657272,941.0757172389948,948.7259715836556,59124142,0.03126782321117494,29.56298828125,912.5281720842634,886.7368509928385,895.2750805664062,922.4241168212891,0.01628522814115809
2021-06-01,978.9209594726562,993.860450495012,968.8107952002592,977.6120318921522,28013832,0.003980959052071631,3.881591796875,923.2540544782366,890.2994649251302,895.8916186523437,922.5033276367187,0.016177127912459295
2021-06-02,993.5219116210938,997.2455024822107,973.5499025688986,973.5499025688986,24630162,0.014915353489114214,14.6009521484375,937.1554739815848,894.8061401367188,897.2086413574219,922.6695352172851,0.015853388792093005
2021-06-03,997.313232421875,1015.5249829566307,991.197541606595,1002.4359457378657,23974257,0.003816041454581587,3.79132080078125,953.0492466517857,899.4474670410157,899.0189831542968,922.867223815918,0.01582378603195773
2021-06-04,988.6699829101562,1000.38234182816,985.8490553582253,999.6376236399614,14468646,-0.008666534475562426,-8.64324951171875,967.2633754185268,903.7217000325521,899.9984008789063,923.0403146362305,0.016019464962526677
2021-06-07,1005.324462890625,1011.9141080373831,986.1874872775942,993.8603642166437,16336573,0.016845337947295702,16.65447998046875,983.4666137695312,908.5819213867187,901.4878369140625,923.347341003418,0.016128007646430718
2021-06-08,999.5473022460938,1005.2116608783687,992.1226844618565,1004.963461293647,9674735,-0.005746563281589845,-5.77716064453125,991.1910313197544,912.7455708821615,902.6351525878906,923.564098815918,0.016080488826459998
2021-06-09,981.6741333007812,1002.4359284900111,973.9786921208427,1001.5332651004173,11409161,-0.01788126375325061,-17.8731689453125,992.1388549804688,915.5491678873698,903.7878857421875,923.6621530151367,0.016050276143955804
2021-06-10,985.284912109375,1006.4980988117626,982.8250618353879,989.9788572705107,14155653,0.0036781847316815774,3.61077880859375,993.0479910714286,918.3429931640625,905.5169873046875,923.8561187744141,0.01604896021309556
2021-06-11,1002.3753051757812,1009.1011952964063,987.4063735342977,988.6745798453265,13762778,0.017345635619059552,17.09039306640625,994.312761579241,921.3040466308594,907.5590100097656,924.169838256836,0.016152345693962237
2021-06-14,1016.7554321289062,1022.8018743951756,994.1774433422952,1003.2132032493698,20332436,0.014346050704634239,14.380126953125,997.0902186802456,925.1890116373698,909.5758532714843,924.5240902709961,0.015913846501708954
2021-06-15,1019.0652465820312,1030.3428892787051,1014.6719292575741,1024.04738247787,15174215,0.0022717502952394053,2.309814453125,1001.4323992047991,929.6843078613281,911.8753991699218,924.9206954956055,0.015371567857356334
2021-06-16,1001.6732177734375,1017.7291568032897,999.0689384128791,1016.7554197633551,10797349,-0.017066648938256934,-17.39202880859375,1000.9107927594866,934.2385274251302,913.6578479003906,925.1057693481446,0.015118618635196401
2021-06-17,1003.507568359375,1012.2715613635339,987.315775310826,996.419402245226,15745975,0.0018312864449097077,1.8343505859375,1001.476545061384,938.8012308756511,915.7410192871093,925.3602694702148,0.015118582466260794
2021-06-18,1008.0367431640625,1012.2715649781592,989.331239663787,1007.9688163777718,29369026,0.004513343942280645,4.5291748046875,1005.2426321847098,943.350917561849,917.9896984863282,925.6248904418945,0.015118301453723117
2021-06-21,1013.29052734375,1017.9329096042337,996.4873342427861,998.0046053152495,12186448,0.005211897498097917,5.2537841796875,1009.2434343610491,948.0644490559896,920.1760070800781,925.99578125,0.015093526009196456
2021-06-22,1008.0820922851562,1024.047523693767,1005.1834033496904,1020.877007795391,12871913,-0.005140120151174377,-5.20843505859375,1010.0586896623884,952.6878641764323,922.2355773925781,926.3258483886718,0.015140582138307313
2021-06-23,998.842529296875,1019.3370107371757,997.1893446925246,1019.0653035968686,16653951,-0.00916548667910233,-9.23956298828125,1007.4997035435268,956.89873046875,924.32068359375,926.5173052978515,0.015360686442836098
2021-06-24,975.3587646484375,1003.0320420254984,969.24439537304,999.5219522378009,91461975,-0.023510977916577747,-23.4837646484375,1001.2559204101562,960.6277038574219,926.5761193847657,926.6276760864258,0.015978874905641937
2021-06-25,953.14306640625,975.3587188779936,942.5674531142881,975.3587188779936,55355022,-0.022776950438534338,-22.2156982421875,994.3230416434152,963.2528198242187,928.2008374023437,926.7056155395508,0.016628559463229813
2021-06-28,944.7868041992188,963.1299720367883,942.5222185353294,961.0918688993542,20277042,-0.00876705974323233,-8.35626220703125,985.9343610491071,965.2526123046875,929.5455944824218,926.729587097168,0.016675653397525435
2021-06-29,945.60205078125,955.2039275943256,943.9262837366043,946.3720075153033,27144063,0.0008628894671345311,0.81524658203125,977.015119280134,966.8643391927084,931.0167846679688,926.7024581909179,0.016528248451339517
2021-06-30,955.951171875,961.3861531398231,947.0739679222726,949.4291224770184,19762858,0.010944478266729174,10.34912109375,968.8237827845982,968.684130859375,932.969375,926.6046472167968,0.01660476778722169
2021-07-01,950.1991577148438,961.6126545352091,948.863024683412,959.280142195751,12534407,-0.006017058537492348,-5.75201416015625,960.5547921316964,970.4874593098958,934.8118896484375,926.1335885620117,0.016607822035193245
2021-07-02,964.284912109375,966.0286658416347,947.9345627995748,949.7688855828178,14086620,0.014824002189610885,14.08575439453125,955.6179896763393,972.5022969563802,936.8887280273437,925.7199826049805,0.016729915257254566
2021-07-05,973.8641357421875,975.3814069298204,965.3945518663345,967.6364952540457,11702287,0.00993401795726312,9.5792236328125,955.4044712611607,975.0907023111979,939.175654296875,925.393087463379,0.016659624667397593
2021-07-06,962.3599243164062,973.2752309763289,960.2765368506975,971.486252797126,10070124,-0.011812953166217444,-11.50421142578125,956.7211652483259,977.6341389973958,940.9300964355468,924.9718865966797,0.016674047211813307
2021-07-07,955.679443359375,963.6961219133111,950.2218196134942,963.6961219133111,10454892,-0.006941769693679434,-6.68048095703125,958.2772565569196,979.851084391276,942.0923608398438,924.5044201660156,0.01676954773647609
2021-07-08,947.7760009765625,958.8045791709611,942.5221577829742,958.8045791709611,11185460,-0.008269972151991212,-7.9034423828125,958.5878208705357,981.7135579427083,943.0184777832031,924.055659790039,0.01688462519483672
2021-07-09,938.0835571289062,947.3683817256788,935.7736870853545,945.6925548959384,9037675,-0.010226513266499038,-9.69244384765625,956.0353044782366,981.4671305338542,943.5092749023438,923.5427536010742,0.013003270822428177
2021-07-12,943.9262084960938,951.8069732106677,939.5781755914345,941.9559723923293,8585292,0.006228284594465672,5.8426513671875,955.1391688755581,980.4300252278646,944.3836694335937,923.1715576171875,0.01164809646317431
2021-07-13,950.9917602539062,952.5090313833667,945.7152147930674,951.1276138236502,6717133,0.007485279775280018,7.0655517578125,953.2401471819196,979.4990519205729,945.7193774414062,922.9365652465821,0.011717287464254433
2021-07-14,944.7868041992188,954.2301252196338,942.6354298484742,951.2861518765445,8532544,-0.006524721153241986,-6.2049560546875,949.0862426757812,977.8745483398437,947.3141809082031,922.626203918457,0.011368181375381075
2021-07-15,943.1336669921875,948.8630578642602,941.3899132919198,948.8630578642602,9448356,-0.0017497462916328255,-1.65313720703125,946.3396344866071,976.0685628255209,948.8443249511719,922.4195095825195,0.01132185504385641
2021-07-16,956.7438354492188,957.808201493028,945.5114761829108,945.5794029707818,8828185,0.014430794842088979,13.61016845703125,946.4916904994419,975.0043579101563,950.5482788085938,922.2346038818359,0.011620084726029292
2021-07-19,950.652099609375,961.9976700838799,947.6175572445412,951.1276470202398,8354449,-0.006367154523638563,-6.09173583984375,946.9025617327009,973.1819458007812,952.1236291503906,921.9864038085938,0.01115231123431415
2021-07-20,948.3194580078125,954.7509382666392,943.8809159970199,950.9010950356152,6741464,-0.0024537279226763964,-2.3326416015625,948.3648332868304,971.4743509928386,953.7024255371093,921.6615472412109,0.01112832736726464
2021-07-22,960.5029907226562,961.9523350417173,950.289713605715,959.7330340406753,7972397,0.01284749839514876,12.18353271484375,950.7329450334821,970.7686462402344,955.4621545410156,921.4217547607421,0.011000295633142658
2021-07-23,953.7092895507812,966.7306870173245,952.0561048845019,966.7306870173245,9937030,-0.007073066130448558,-6.793701171875,951.1211635044643,969.7161254882812,957.2665490722657,921.1685302734375,0.011028918784203992
2021-07-26,940.6426391601562,960.6389323639107,938.0383595793566,954.7510454031105,12389668,-0.013700873561564797,-13.066650390625,950.5291399274554,967.658369954427,958.5916101074218,920.8794229125976,0.010697190148221292
2021-07-27,930.7462768554688,943.745031435626,924.8583903750485,940.6199201537044,10824523,-0.01052085233295752,-9.8963623046875,948.7595127650669,964.7913981119792,959.5106750488281,920.545008239746,0.010339457032697875
2021-07-28,922.7523193359375,932.1050710097164,913.1957274047861,932.1050710097164,12897848,-0.008588761210561957,-7.99395751953125,943.903581891741,961.580967203776,960.0207165527344,920.0642196655274,0.010342625574966596
2021-07-29,929.9536743164062,939.5329082786225,925.4924300252735,930.2933681370648,13765738,0.007804212278383904,7.20135498046875,940.9466639927456,959.1903157552083,960.5926416015625,919.6606228637695,0.01019280496460966
2021-07-30,921.8238525390625,936.6115854453042,919.9215431668897,932.1050565925411,11350608,-0.008742179316964194,-8.12982177734375,937.1615774972098,956.4675252278646,961.1071325683594,919.2294659423828,0.010223386884174844
2021-08-02,938.6724243164062,941.7975357253354,924.4734496016514,930.4293230086479,10925104,0.018277430911487258,16.84857177734375,934.0429251534598,954.1553812662761,961.8037854003907,918.874428100586,0.01085133645456156
2021-08-03,945.5794067382812,947.051393415347,934.9132237953986,946.5984882609035,11817299,0.007358245797947083,6.906982421875,932.8815133231027,951.8983439127604,962.7911340332031,918.455418395996,0.010909604364994323
2021-08-04,952.8261108398438,957.468493410625,945.239695070289,948.5912889902256,13169800,0.007663771069803094,7.2467041015625,934.6220092773438,950.0564778645834,964.1265197753906,918.0572967529297,0.011042089260780288
2021-08-05,966.6400756835938,975.9474827845528,953.0525024475675,957.604315821072,21252078,0.014497886536268378,13.81396484375,939.7496948242188,948.9830627441406,965.6758996582031,917.9110397338867,0.01134030926120756
2021-08-06,946.168212890625,972.3921457790564,941.5031281309346,964.6925186543999,16620987,-0.02117837166899106,-20.47186279296875,943.0948224748884,948.0100443522135,966.7612280273438,917.7317050170899,0.011187823902723855
2021-08-09,940.7784423828125,946.5078930939915,935.9548618556917,942.522196064497,7494143,-0.005696418918308743,-5.3897705078125,944.6412179129464,947.597890218099,966.6672692871093,917.5245184326172,0.010449060173858217
2021-08-10,945.7152099609375,957.0155553586313,939.238504866793,942.9750770172923,11919198,0.005247534760279171,4.936767578125,948.0542689732143,947.628837076823,966.0807861328125,917.3878274536132,0.010374288446149509
2021-08-11,958.963134765625,960.1859966454768,943.6092248291548,949.7462363911606,9184963,0.01400836601246458,13.2479248046875,950.9529418945312,948.0742065429688,965.6816296386719,917.3880108642578,0.010681359366928798
2021-08-12,955.88330078125,962.9941092821113,953.3922326146494,962.4052906590396,8137612,-0.0032116291781412176,-3.079833984375,952.4249267578125,948.071944173177,964.928857421875,917.4126266479492,0.010516505737252956
2021-08-13,971.8032836914062,973.7282353115995,955.181228214771,958.9630848706249,12780901,0.01665473483755253,15.91998291015625,955.1359514508929,948.7920817057292,964.4186584472657,917.5030764770507,0.01087394314337757
2021-08-16,984.4171142578125,997.7782056289792,963.8772875225334,973.4791642916643,21935444,0.01297981883585786,12.61383056640625,957.6755283900669,949.4631551106771,964.3336010742188,917.8460470581055,0.010796908127626969
2021-08-17,980.2276611328125,989.7162669243918,972.7998007947025,982.3111087496648,12658169,-0.00425577030744595,-4.189453125,962.5411638532366,949.6752726236979,963.8316650390625,918.155884399414,0.010690779434089543
2021-08-18,984.0321655273438,990.4409443539315,974.9511803260805,984.6436264377176,10075860,0.003881245699733249,3.80450439453125,968.7202671595982,950.3976806640625,963.5213623046875,918.5367614746094,0.010460518002229014
2021-08-20,972.98095703125,983.7377088016336,967.8856094241049,970.6031001945055,9426282,-0.011230535833319455,-11.05120849609375,972.6153738839286,950.9743977864583,963.3474987792969,918.8275164794921,0.010598303932001148
2021-08-23,979.3670654296875,984.6435509846982,965.7568499022403,984.6435509846982,9854395,0.006563446439818099,6.3861083984375,975.5302211216518,952.0274332682292,963.2291418457031,919.0879162597656,0.010513360896851193
2021-08-24,989.0369262695312,992.7961409161452,976.3098780018888,980.5899844960273,11864472,0.00987358180724729,9.66986083984375,980.2664533342634,953.72587890625,962.9623742675781,919.7962176513672,0.010403453727944777
2021-08-25,997.5970458984375,1005.4778714076189,987.4064100092222,989.8069092436782,13380559,0.008655005087821577,8.56011962890625,983.9512765066964,955.5149068196614,962.5792065429688,920.6083639526368,0.010448274050589663
2021-08-26,1010.2107543945312,1016.7554463089577,998.6839861429403,1000.0427614622415,18589616,0.012644091668027935,12.61370849609375,987.6360822405134,957.4888732910156,962.4021166992187,921.3418572998047,0.010584963101886502
2021-08-27,1008.8292846679688,1015.7816567389563,1003.6887127626729,1013.1773175448565,10480636,-0.0013675064540275006,-1.3814697265625,991.7220284598214,959.623622639974,962.5452380371094,921.9741119384765,0.01048194612287629
2021-08-30,1028.2369384765625,1030.7733511879242,1013.086868200183,1019.0653841621985,14027062,0.019237797815297553,19.40765380859375,998.0369960239956,962.4603983561198,963.0398254394531,922.5360690307617,0.010898461884341144
2021-08-31,1022.7566528320312,1034.351288521445,1015.5552151770501,1031.2488192815088,26485463,-0.005329788728122176,-5.48028564453125,1005.1478097098214,964.6608256022135,963.3342236328125,923.0219924926757,0.010776576707099316
2021-09-01,1026.810302734375,1038.4956282529236,1024.9533974079704,1029.4825691995866,11145486,0.0039634549343865455,4.05364990234375,1011.9254150390625,967.1994323730469,963.604619140625,923.4517938232422,0.010655018528085718
2021-09-02,1039.1749267578125,1045.2440116453542,1021.3299483032399,1021.3299483032399,9956770,0.012041780249487877,12.3646240234375,1019.0879865373884,970.2279479980468,964.2264758300781,924.1405432128906,0.010744966403210952
2021-09-03,1081.79443359375,1084.7384068201698,1042.8435137983438,1046.2403322593964,30664428,0.04101283214069529,42.6195068359375,1031.1161847795759,974.27099609375,965.8855139160156,925.0812057495117,0.012681142580830402
2021-09-06,1098.5977783203125,1123.2365131929273,1092.4380047519112,1092.8909697996994,33641710,0.015532844507936128,16.8033447265625,1043.7429024832588,979.1006123860677,968.3502941894532,926.0688748168945,0.012669097355245497
2021-09-07,1105.5274658203125,1113.2723180946527,1092.4380808510261,1100.5906136768078,17349882,0.006307756702908174,6.9296875,1057.556928362165,984.5967732747396,971.3979821777343,927.0778775024414,0.012178585505390868
2021-09-08,1101.201904296875,1111.460525484485,1090.01483063056,1110.5547152662286,14301651,-0.003912667624433763,-4.3255615234375,1067.9804949079241,990.2786275227865,974.5262841796875,928.0856759643555,0.011936757097961605
2021-09-09,1098.5977783203125,1104.145971203985,1094.2950296674799,1099.6394421897962,8963249,-0.0023648033720258255,-2.6041259765625,1078.81494140625,996.1401428222656,977.5861987304687,929.0941064453125,0.011732371580016193
2021-09-13,1074.1175537109375,1101.949327153265,1072.5323557228828,1101.949327153265,16311160,-0.02228315502949929,-24.480224609375,1085.5731201171875,1000.94560546875,979.9495263671874,930.0118426513671,0.012801035522388062
2021-09-14,1072.7135009765625,1084.2854942866497,1071.6037904973264,1075.6801166083583,8908356,-0.0013071685957688484,-1.404052734375,1090.3643450055804,1005.9752604166666,982.3998132324218,931.0887661743164,0.01259829066236774
2021-09-15,1077.174560546875,1085.0779069197367,1072.7359589929417,1072.7359589929417,9071075,0.004158668242966401,4.4610595703125,1089.7043631417412,1010.5919982910157,984.6576062011719,932.072451171875,0.012351988859159186
2021-09-16,1099.775146484375,1103.647571826163,1072.0565884901453,1078.6465641491313,13448882,0.02098135879297569,22.6005859375,1089.87255859375,1015.731856282552,987.1758264160156,933.1390118408203,0.012699692876257076
2021-09-17,1082.722900390625,1112.2984866148895,1075.9517858407112,1107.837242193017,34882133,-0.015505211359122417,-17.05224609375,1086.6147635323662,1020.0617492675781,989.5830859375,934.1569833374024,0.01323328965354627
2021-09-20,1084.4439697265625,1095.3139316833478,1073.415392150155,1074.3664868663025,11779819,0.001589575075318539,1.7210693359375,1084.2207728794642,1023.9885457356771,992.1583764648437,935.1727270507813,0.013101263744090196
2021-09-21,1089.1317138671875,1094.521410709491,1079.756260196694,1089.2675674362638,9915736,0.004322716776051561,4.687744140625,1082.8684779575892,1028.753995768229,994.9854907226562,936.2633633422852,0.012213690494447808
2021-09-22,1100.8170166015625,1106.025455452025,1086.210362198153,1090.6263219107966,10995912,0.010729007874432206,11.685302734375,1086.6826869419642,1034.0886149088542,998.2401599121093,937.3557821655273,0.012095771320124933
2021-09-23,1127.72021484375,1130.9358947742098,1107.6106545484265,1108.4711801776828,15748397,0.024439300843334566,26.9031982421875,1094.5407889229912,1040.155448404948,1001.9160400390625,938.5753823852539,0.0125892202691614
2021-09-24,1124.4591064453125,1134.7630111170504,1119.6129443950488,1133.902485506276,15192163,-0.0028917708093840755,-3.2611083984375,1101.2957240513392,1045.671980794271,1005.3853869628906,939.7653628540039,0.012594789580531725
2021-09-27,1143.3685302734375,1145.8370159244848,1121.1077134942575,1126.4068411721403,15373834,0.016816461994693777,18.909423828125,1107.5233503069196,1051.9214884440105,1009.357021484375,941.0889318847657,0.01265341596867078
2021-09-28,1154.0576171875,1161.6892580938154,1138.0921855961788,1147.6940628547109,18035258,0.009348767812864534,10.6890869140625,1117.7140241350446,1057.9966328938801,1013.5755004882812,942.4401068115235,0.012512082796384062
2021-09-29,1144.9085693359375,1163.9989904714507,1141.3757775989957,1163.9989904714507,9719875,-0.007927721905132579,-9.1490478515625,1126.3518240792412,1063.346348063151,1017.3387951660156,943.6653100585937,0.012680726168122058
2021-09-30,1141.0133056640625,1147.965677369511,1132.4532137255203,1143.6176447212324,13590654,-0.0034022486827348652,-3.895263671875,1133.7634800502233,1068.705869547526,1021.1460192871094,944.7961138916015,0.012659895960405761
2021-10-01,1143.0289306640625,1150.320936930379,1130.0302358504632,1133.1779894261922,8958928,0.0017665219064442184,2.015625,1139.7937534877233,1074.00576171875,1025.0402087402344,945.9820178222657,0.012673099389631116
2021-10-04,1157.72607421875,1166.1955973057436,1149.075293250508,1156.2993722307872,10918552,0.012858067858482869,14.6971435546875,1144.0803048270088,1080.1639322916667,1028.9846704101562,947.2441149902344,0.012363236007447242
2021-10-05,1181.75341796875,1183.0216242133338,1153.7403880823629,1157.2505376163047,13533634,0.020753910864635294,24.02734375,1152.2652064732142,1086.9101440429688,1033.5455529785156,948.6590716552735,0.012658034795795766
2021-10-06,1159.4019775390625,1186.6222902143543,1155.4389825506435,1186.6222902143543,10258881,-0.018913793765966913,-22.3514404296875,1154.555698939732,1092.5889790852864,1037.9207397460937,950.0005221557617,0.013448795334949552
2021-10-07,1165.0860595703125,1177.0204479976474,1162.9573276219362,1175.3219190109808,6336665,0.0049025981854153855,5.68408203125,1156.1311907087054,1098.1719462076824,1042.6075354003906,951.3654284667969,0.013434906022594256
2021-10-08,1209.8570556640625,1215.8129290316733,1169.207605953432,1170.906015220909,15772493,0.03842720091446439,44.77099609375,1165.4095458984375,1104.8268229166667,1048.3496301269531,952.9337658691406,0.014688833796639827
2021-10-11,1201.4326171875,1231.9366542030143,1198.1263679197398,1223.5124154081877,14768666,-0.006963168447977175,-8.4244384765625,1174.0408761160713,1111.246934000651,1053.779208984375,954.4465539550781,0.014822280157260873
2021-10-12,1208.2943115234375,1215.1787568517786,1196.269354160262,1197.9678831315707,6682011,0.005711260238631111,6.8616943359375,1183.364501953125,1117.248846435547,1059.5086181640625,956.1106619262696,0.014608207680955587
2021-10-13,1220.591064453125,1231.7102112927382,1208.9736680853593,1213.3669853963502,9959762,0.010176951767805198,12.2967529296875,1192.34521484375,1123.8433268229167,1065.146990966797,957.8430236816406,0.014485793904575984
2021-10-14,1223.0595703125,1230.7818997818822,1217.0810544912147,1223.0369280495506,8623469,0.0020223856550032338,2.468505859375,1198.24609375,1130.3849690755208,1070.6965942382812,959.5715924072266,0.014499589325336421
2021-10-18,1226.3204345703125,1243.2594798164876,1205.8031936198447,1208.6565974394791,13594479,0.0026661532577512137,3.2608642578125,1207.805873325893,1136.623152669271,1076.1664807128907,961.202951965332,0.01446470564165678
2021-10-19,1237.3037109375,1246.1356302424738,1226.5016753447112,1233.6577079515857,8833409,0.008956285859361035,10.9832763671875,1218.1226806640625,1141.806795247396,1081.5797534179687,962.8685791015625,0.01285569115212683
2021-10-20,1223.0595703125,1242.2406818392346,1219.0286485058555,1242.2406818392346,12710570,-0.011512242708952458,-14.244140625,1220.008754185268,1145.9555216471354,1087.1175805664063,964.4928866577148,0.01300753235719774
2021-10-21,1187.7772216796875,1235.5600608138357,1179.0358711096487,1235.2883536749923,20831669,-0.02884761256869739,-35.2823486328125,1218.0579833984375,1148.6971801757813,1092.0575561523438,965.9284838867187,0.014282340831523988
2021-10-22,1189.9964599609375,1206.9809106504802,1182.7950231580921,1186.6448064236538,11027475,0.0018683960600891503,2.21923828125,1215.4440046037946,1151.6569986979166,1096.9431811523436,967.3981958007812,0.014231841290315874
2021-10-25,1178.4017333984375,1213.819979870448,1163.9989792562783,1213.819979870448,17198417,-0.009743496684755382,-11.5947265625,1209.416957310268,1154.3171305338542,1101.331953125,968.8049688720703,0.014385072720382516
2021-10-26,1205.2373046875,1208.792739180254,1179.013369646043,1185.3316395816128,9750178,0.022772854560957123,26.8355712890625,1206.8709193638392,1158.6877888997396,1106.319033203125,970.3383599853515,0.014063290013114342
2021-10-27,1189.9964599609375,1212.3706072222662,1186.6221641632774,1201.1382490708493,9896298,-0.012645513599095048,-15.2408447265625,1201.6817801339287,1162.5972208658854,1110.6828967285155,971.8514010620117,0.014358476641908107
2021-10-28,1176.952392578125,1194.77472717133,1173.283867099268,1186.644837678606,9886181,-0.010961433770349749,-13.0440673828125,1193.0601632254463,1165.9231486002604,1114.5336022949218,973.4162326049805,0.01460021177830663
2021-10-29,1148.7132568359375,1175.843002928945,1133.0649360229452,1175.843002928945,14233025,-0.023993439259110017,-28.2391357421875,1182.4392613002233,1167.5544189453126,1117.9033142089843,974.8468640136718,0.015000109296209875
2021-11-01,1149.4151611328125,1157.6582624374937,1129.6225892164332,1148.7131311991511,15481114,0.0006110352541837116,0.701904296875,1176.9589669363838,1169.7774943033853,1121.2109741210938,976.2301162719726,0.014652402526453764
2021-11-02,1132.6571044921875,1154.0348738636576,1130.143454028727,1152.6760985535552,10569130,-0.014579637721246819,-16.758056640625,1168.7676304408483,1171.3845987955729,1124.4044970703126,977.6118356323242,0.014965778427511341
2021-11-03,1124.866943359375,1141.3531452072293,1114.6309640383438,1135.0348760961226,11989430,-0.006877775367245986,-7.7901611328125,1161.1198032924108,1172.575773111979,1127.3144946289062,978.8196520996094,0.015034006162191709
2021-11-04,1131.77392578125,1134.514118637374,1127.7656464746356,1129.1016597099565,1705656,0.006140266155610918,6.906982421875,1150.625034877232,1173.6076700846354,1130.1692346191405,980.1031887817383,0.014956706352663229
2021-11-08,1133.177978515625,1141.3531527093287,1112.5475239087214,1141.0813257713814,20337183,0.0012405770290262463,1.404052734375,1142.5081089564733,1173.7895955403646,1132.8808532714843,981.3445489501953,0.014289639368668628
2021-11-09,1142.1231689453125,1145.38413396809,1126.4295651226153,1134.5594552172417,15682497,0.00789389716291966,8.9451904296875,1137.532505580357,1174.378397623698,1135.5191015625,982.6828787231445,0.01434320641791487
2021-11-10,1154.8953857421875,1158.56403111527,1133.9479393972968,1139.8585280650227,10253470,0.01118287164130427,12.772216796875,1138.4156668526787,1174.762626139323,1138.4404235839843,983.9801318359375,0.014159531395240819
2021-11-11,1157.00146484375,1164.2254244154967,1148.3959679290283,1150.4341308509872,10722478,0.0018236102832889234,2.1060791015625,1139.4994245256696,1174.8607543945313,1141.0157141113282,985.2146844482422,0.014062426942026461
2021-11-12,1174.4615478515625,1177.0206028987552,1158.111197547698,1160.783463915503,8712341,0.015090804582663653,17.4600830078125,1145.4714878627233,1175.8458536783853,1144.0498120117188,986.4501052856446,0.014231737851936597
2021-11-15,1167.5318603515625,1178.583081524526,1163.9990683781703,1177.586582367733,4803269,-0.005900310242320406,-6.9296875,1151.5664760044642,1176.729805501302,1146.8642431640626,987.5500024414063,0.014265333837262363
2021-11-16,1140.4022216796875,1166.2637612012684,1130.0303872332545,1164.927627982119,11337581,-0.023236743761070322,-27.129638671875,1152.7990897042412,1176.6422485351563,1148.8887890625,988.6266357421875,0.014925905859594758
2021-11-17,1115.9896240234375,1131.81907885733,1114.630848883986,1131.81907885733,10202029,-0.021407006398402983,-24.41259765625,1150.3436104910713,1175.2510335286458,1149.5726928710938,989.826286315918,0.015218638125544007
2021-11-18,1120.201904296875,1127.3127730233773,1109.6715745881545,1114.1781038166205,8505625,0.003774479782572726,4.2122802734375,1147.2120012555804,1173.19931640625,1150.004775390625,991.1508071899414,0.014683761161423739
2021-11-22,1070.584716796875,1109.1960026578379,1064.8099816539602,1103.3533407297432,24124307,-0.044293075480123845,-49.6171875,1135.1676199776787,1170.2387410481772,1149.3059204101562,992.2688787841797,0.01634784298297182
2021-11-23,1080.5941162109375,1087.5691305828452,1045.7874503355001,1056.6800550508478,25326999,0.009349469740246308,10.0093994140625,1124.2522844587054,1167.422342936198,1148.8937646484376,993.5150799560547,0.016437412040331965
2021-11-24,1064.9912109375,1091.4868494573443,1061.4357769402945,1077.9446209027212,16820296,-0.014439191403473939,-15.6029052734375,1108.6136648995537,1162.5934814453126,1148.2216333007811,994.5628707885742,0.014648784545746472
2021-11-25,1129.1016845703125,1133.2006528139436,1067.5954770563671,1074.7742721480843,42401936,0.06019812461773921,64.1104736328125,1103.1236397879463,1160.1824503580729,1149.3213159179688,995.8623837280273,0.018757736809847075
2021-11-26,1092.7098388671875,1122.149452357917,1087.6824179851199,1117.7108501017365,15763138,-0.03223079568513276,-36.391845703125,1096.3104422433037,1156.3296346028646,1149.7212426757812,996.9689923095704,0.019491707649148916
2021-11-29,1105.799072265625,1132.2948314861248,1086.5953193762673,1104.7121238946838,24325354,0.011978690895660948,13.0892333984375,1094.8546491350446,1152.5032348632812,1150.2937329101562,998.1553775024414,0.019536952468603836
2021-11-30,1089.4488525390625,1121.3795969947287,1081.9530649636156,1117.8015201912658,32172299,-0.014785886637672108,-16.3502197265625,1090.4613560267858,1148.0495442708334,1150.08720703125,999.261252746582,0.01962570135315999
2021-12-01,1117.3486328125,1120.519028933976,1098.3713010103995,1101.9493776790864,10104610,0.025609077661988833,27.8997802734375,1097.1419154575892,1144.4171508789063,1150.7797216796876,1000.4441149902344,0.020315742440428268
2021-12-02,1124.5272216796875,1130.5736640269113,1114.9027029403865,1118.571348380323,12720411,0.006424663400820707,7.1785888671875,1103.4180733816963,1140.6579345703126,1151.58138671875,1001.6522640991211,0.020270007277190697
2021-12-03,1090.739501953125,1131.6153710496726,1087.0029299803193,1131.5700865288095,19222481,-0.03004615546442202,-33.7877197265625,1107.096400669643,1136.247265625,1151.6135424804688,1002.6505154418945,0.02081406376293248
2021-12-06,1070.0638427734375,1098.3259382907745,1067.595476803198,1094.2497321105475,10332254,-0.018955634358767348,-20.6756591796875,1098.6624232700892,1132.323486328125,1150.9984790039061,1003.3616909790039,0.020475926496379315
2021-12-07,1078.7825927734375,1088.8146726752468,1068.8863664494722,1076.2010153934032,11235122,0.008147878333504277,8.71875,1096.672816685268,1128.616357421875,1150.0197265625,1004.1482800292969,0.020562192834726725
2021-12-08,1095.200927734375,1101.4058665244686,1089.8565147837464,1097.9184786382343,8744178,0.015219317655773112,16.4183349609375,1095.1587960379463,1125.842997233073,1149.4345629882812,1005.0372711181641,0.020786350424369986
2021-12-09,1112.5703125,1120.926625884508,1098.326051956675,1102.85522364802,13213547,0.01585954168387782,17.369384765625,1098.4618617466517,1122.7540974934896,1148.8185986328126,1005.9524035644531,0.020536423924634912
2021-12-10,1113.7025146484375,1116.8955527047663,1100.7489847314073,1105.2328712872275,8364414,0.0010176454788672906,1.1322021484375,1097.9409877232142,1120.2109659830728,1148.0114965820312,1006.819599609375,0.02045409551365691
2021-12-13,1091.373779296875,1120.564329866256,1088.8147242582452,1120.292622697696,12901733,-0.02004910203386856,-22.3287353515625,1093.2047816685267,1117.3583455403646,1146.94080078125,1007.610244140625,0.02065759664750073
2021-12-14,1078.0125732421875,1089.7205393231307,1074.9553887174345,1077.944646457222,12991523,-0.01224255732375712,-13.3612060546875,1091.3866489955358,1115.0016560872396,1145.6807861328125,1008.3056478881836,0.020341211284349774
2021-12-15,1074.8648681640625,1089.2676234327396,1069.38448219365,1079.7563157042177,9366969,-0.0029199149956647963,-3.147705078125,1092.072509765625,1112.5166463216146,1144.3175048828125,1009.1482482910156,0.020336299563361464
2021-12-16,1088.769287109375,1094.0231302341062,1072.8039773873268,1089.5845283011158,9761279,0.012935969308460304,13.9044189453125,1093.4991803850446,1111.0537190755208,1142.938369140625,1010.0257302856445,0.02037141696122784
2021-12-17,1060.03173828125,1090.6263454753455,1050.7694958949853,1086.1198166210095,21049821,-0.02639452560645028,-28.737548828125,1088.4750104631696,1108.8925455729166,1140.503935546875,1010.6747845458984,0.020867340259685205
2021-12-20,1031.4525146484375,1049.7956192892589,1017.751672013911,1049.7956192892589,14325846,-0.026960724477128606,-28.5792236328125,1076.886753627232,1105.5484985351563,1137.9449462890625,1010.9928451538086,0.021305332272274404
2021-12-21,1046.806640625,1062.545530320319,1038.1786200134966,1046.8519251541745,12836561,0.014885926165777885,15.3541259765625,1067.3302001953125,1102.669453938802,1135.5793579101562,1011.5198077392578,0.0215404843503067
2021-12-22,1071.6490478515625,1074.276029474332,1051.6754577350616,1052.988828746117,17658543,0.023731610273058923,24.8424072265625,1064.5123814174108,1100.3203165690104,1132.8151977539062,1012.135100402832,0.021991231035580407
2021-12-23,1071.26416015625,1077.944705915956,1068.0031950967277,1075.2271551661324,9072401,-0.0003591546095096376,-0.3848876953125,1063.5483224051338,1097.532609049479,1130.2118286132813,1012.7387646484375,0.021855219767808895
2021-12-24,1074.6837158203125,1083.3796623765666,1058.718285237532,1073.4155095265614,7886494,0.003192075112046888,3.4195556640625,1063.5224434988838,1094.7886840820313,1127.5396166992186,1013.1426553344727,0.021865489456727717
2021-12-27,1073.52880859375,1077.038958550713,1063.4967281365457,1069.5884556164642,4017223,-0.0010746484845366444,-1.1549072265625,1061.3452322823662,1091.4242594401042,1124.5983715820312,1013.6000106811523,0.021621831975399054
2021-12-28,1086.2783203125,1089.1996512774408,1074.7968966086662,1075.9517717574063,6374613,0.011876264164210948,12.74951171875,1065.0947440011162,1088.7158081054688,1121.8627465820311,1014.1146820068359,0.021776001224081423
2021-12-29,1088.13525390625,1095.60839765478,1078.8956544896844,1082.9266955421135,15425312,0.0017094455067609982,1.85693359375,1073.1922781808037,1086.9735758463542,1119.09904296875,1014.6106539916992,0.021417273301900082
2021-12-30,1068.478759765625,1089.245070757408,1062.3643899373753,1087.003127167027,29333171,-0.018064384983448534,-19.656494140625,1076.288295200893,1085.3898803710938,1115.7225439453125,1015.00845703125,0.021317749512791542
2021-12-31,1072.5775146484375,1079.710904759357,1068.8862272626782,1074.7741732718725,9477290,0.0038360658509595247,4.0987548828125,1076.420933314732,1083.802400716146,1112.7129028320312,1015.4472897338867,0.021318251033080538
2022-01-03,1088.7467041015625,1090.603728995159,1070.4941656370397,1071.1509110384136,5421611,0.015075077775077883,16.169189453125,1078.9184395926338,1084.4078002929687,1110.7322924804687,1016.0670541381836,0.019890464236875603
2022-01-04,1113.3173828125,1114.6308734629547,1088.8145046450295,1094.2043208037267,10847728,0.022567855882708043,24.5706787109375,1084.437534877232,1085.4985758463542,1109.1987109375,1016.8744396972656,0.020231001242160762
2022-01-05,1118.526123046875,1121.877776996668,1101.9267085410534,1115.0840198447643,11643813,0.004678576221649022,5.208740234375,1090.86572265625,1087.2830729166667,1108.0011987304688,1017.7266000366211,0.02002168674493505
2022-01-06,1094.47607421875,1111.4605249543165,1091.0791361515087,1110.1923187691705,14447422,-0.021501553099727788,-24.050048828125,1092.036830357143,1086.128885904948,1105.7859741210937,1018.5606265258789,0.017160482840541127
2022-01-07,1103.30810546875,1113.2949007403674,1092.2342419850618,1101.020877531252,13112115,0.008069643053919107,8.83203125,1094.204380580357,1086.4821614583334,1104.05220703125,1019.543186340332,0.01617176082145774
2022-01-10,1104.2138671875,1112.8193642531028,1094.2723568788356,1110.5547786779957,9246731,0.0008209508425256473,0.90576171875,1099.3093959263392,1086.4293212890625,1102.5974365234374,1020.3657601928711,0.016025085611744747
2022-01-11,1112.1627197265625,1120.9492358826358,1102.8551919025351,1103.3081569787676,16205164,0.007198653064653726,7.9488525390625,1104.9644252232142,1087.1864501953125,1101.86642578125,1021.2723104858399,0.015823388768865687
2022-01-12,1141.8514404296875,1143.595254204983,1116.4427463358454,1119.2961508769274,14800442,0.026694583604119027,29.688720703125,1112.550816127232,1088.0032104492188,1101.7151513671874,1022.2706600952148,0.015883181678536272
2022-01-13,1148.2828369140625,1150.8645340891296,1136.0993826537385,1141.9194026287705,11856712,0.005632428402380318,6.431396484375,1117.5458809988838,1088.7950642903645,1102.027666015625,1023.3918869018555,0.015874242298344284
2022-01-14,1149.95849609375,1162.776052313962,1144.0026230998735,1148.146875628832,19930176,0.001459273905191072,1.6756591796875,1122.0362200055804,1090.7690307617188,1102.5294970703126,1024.6475302124024,0.014765287564261096
2022-01-17,1155.9595947265625,1161.734329339856,1149.0526273304495,1149.5055923237667,8036453,0.005218534975999001,6.0010986328125,1130.819580078125,1093.6322224934895,1103.0132104492188,1025.9259573364259,0.014239872833169489
2022-01-18,1142.1683349609375,1160.5340832716051,1139.4281422634044,1157.0919805047831,6215029,-0.011930572511824944,-13.791259765625,1136.3710414341517,1095.7450805664062,1103.193017578125,1027.0572326660156,0.014444175504495262
2022-01-19,1142.0777587890625,1151.3172385374578,1136.370950826631,1145.882257497244,9755485,-7.930194622152165e-05,-0.090576171875,1141.7801688058037,1097.3076416015624,1103.192109375,1028.24718170166,0.014230067062408402
2022-01-20,1122.08154296875,1136.8014098425185,1111.913489734347,1132.3175229917704,16494486,-0.017508629045989266,-19.9962158203125,1143.1971435546875,1097.6246826171875,1102.5358325195311,1029.294835510254,0.014372036714008442
2022-01-21,1122.2625732421875,1133.3137934671236,1110.5547274570392,1110.5547274570392,13338594,0.00016133432955189875,0.1810302734375,1140.3987339564733,1097.910017903646,1101.8410546875,1030.4094033813476,0.014371584889413406
2022-01-24,1076.9935302734375,1134.4461715764583,1066.666981959244,1120.9717499530957,21868937,-0.04033730077798903,-45.26904296875,1130.2145472935267,1097.4306762695312,1099.8916943359375,1031.3163571166992,0.01577378789609636
2022-01-25,1074.887451171875,1081.8623458947789,1043.9757327083191,1064.1532222498897,24510205,-0.0019555169482102785,-2.1060791015625,1119.4901123046875,1097.326505533854,1098.0388061523438,1032.1709188842774,0.015616723069641743
2022-01-27,1058.9674072265625,1067.119939925388,1046.7160258148951,1058.0163123551283,20020431,-0.014810893854938945,-15.9200439453125,1105.6340855189733,1096.7965901692708,1096.4101098632811,1032.9402380371093,0.01584322360046837
2022-01-28,1057.9483642578125,1076.0876922422228,1054.5741878483832,1071.1509600753575,14667727,-0.0009622987089081825,-1.01904296875,1093.6026611328125,1095.7692260742188,1095.2492846679688,1033.757043762207,0.015642519842714173
2022-01-31,1080.9339599609375,1089.9017336429354,1067.1651879580827,1068.9769283849403,12143683,0.021726576154073696,22.985595703125,1084.8678327287946,1096.465966796875,1094.46392578125,1034.8487786865235,0.015396789021799447
2022-02-01,1077.35595703125,1096.3331695818495,1063.0437697429202,1090.6264803582178,13200509,-0.0033101031720909058,-3.5780029296875,1078.4784633091517,1097.9960815429688,1094.5993505859376,1035.876022644043,0.014507970406700335
2022-02-02,1079.5523681640625,1090.1732649193555,1075.7252273627023,1090.1732649193555,10017691,0.002038705145200881,2.1964111328125,1072.3770054408483,1099.0876057942708,1094.578515625,1036.8860397338867,0.014288849652951973
2022-02-03,1065.6025390625,1087.6596951339798,1063.0888887078768,1083.3795890325775,9572839,-0.012921864203110589,-13.9498291015625,1070.749720982143,1098.886055501302,1094.5907421875,1037.8538397216796,0.013849616324179541
2022-02-04,1055.8875732421875,1063.6551874088461,1051.2678326966015,1060.2808911532845,11061241,-0.009116875630626353,-9.7149658203125,1068.0354527064733,1098.3735026041666,1093.1264599609376,1038.8416693115234,0.01394732235809336
2022-02-07,1049.4560546875,1067.4368843783152,1043.9756693517945,1060.7336971993545,10714467,-0.006091101664298382,-6.4315185546875,1066.6766880580358,1097.5325805664063,1092.2613842773437,1039.7985824584962,0.013968135853219907
2022-02-08,1067.09716796875,1068.8862659765236,1046.240291320876,1055.5931024543218,12060849,0.01680976845333748,17.64111328125,1067.9836600167412,1097.3181925455729,1091.4873461914062,1040.8318533325196,0.014328447343530455
2022-02-09,1079.52978515625,1081.2055520274612,1067.9804353407576,1073.936188431649,11486225,0.011650876378170638,12.4326171875,1067.7830636160713,1097.093241373698,1091.28896484375,1041.9319131469726,0.014322008556518639
2022-02-10,1078.4202880859375,1085.0554293647551,1071.1962083846827,1085.0554293647551,12464491,-0.0010277595723325872,-1.1094970703125,1067.9351109095983,1096.7694091796875,1090.5103979492187,1042.9508255004882,0.014318749074390449
2022-02-11,1076.314208984375,1079.982854527415,1061.6849113374171,1074.887506839841,15943370,-0.0019529297851957894,-2.1060791015625,1067.4725167410713,1097.0305908203125,1089.5461376953126,1043.8445654296875,0.01392223757081495
2022-02-14,1059.1712646484375,1066.599124811997,1047.5991516117767,1059.9412213800138,10719633,-0.01592745333364487,-17.1429443359375,1066.5537632533483,1096.5837158203126,1088.9147729492188,1044.6330709838867,0.01421549738988427
2022-02-15,1095.1328125,1097.8277206759533,1057.8803043046898,1064.9004831978962,11212671,0.033952533505994476,35.9615478515625,1072.1602260044642,1096.7965861002604,1089.41615234375,1045.5410165405274,0.015297159470877337
2022-02-16,1092.868408203125,1101.9493936888987,1085.1688404247225,1100.5906182455715,10392840,-0.002067698338529156,-2.264404296875,1078.3619907924108,1096.1149536132812,1089.6978686523437,1046.504326171875,0.014711023358839804
2022-02-17,1106.7049560546875,1111.8682307103675,1091.5322435754686,1096.106699582626,12853252,0.01266076294977947,13.8365478515625,1084.0202462332588,1095.7209147135416,1089.92794921875,1047.616819152832,0.014879381071686626
2022-02-18,1098.0543212890625,1112.5476464311962,1096.129369451274,1107.1126644779383,6775458,-0.00781656819940868,-8.650634765625,1086.6666085379463,1095.8401896158855,1089.6376293945314,1048.7818576049804,0.014407589750658385
2022-02-21,1086.9576416015625,1103.987376793005,1080.028031731223,1092.4379072087868,11107193,-0.010105765691512447,-11.0966796875,1087.88623046875,1095.2951741536458,1089.1027319335938,1049.8835134887695,0.014447745553067198
2022-02-22,1082.02099609375,1085.1462276183765,1063.0664255657716,1065.6706454025614,13494914,-0.004541709187985132,-4.9366455078125,1088.7014857700892,1094.5554117838542,1088.9156762695313,1050.9358877563477,0.014465326218938231
2022-02-23,1075.249755859375,1089.9696221846223,1072.5096827529123,1087.5012562225045,7310110,-0.006257956415651966,-6.771240234375,1090.9984130859375,1093.3249796549478,1088.860419921875,1051.952713623047,0.014424530429990486
2022-02-24,1021.6695556640625,1059.7827129241718,1016.0760782454672,1043.975778151862,24846650,-0.049830469528904464,-53.5802001953125,1080.503662109375,1089.318916829427,1087.796513671875,1052.714163208008,0.01603069229871175
2022-02-25,1034.44189453125,1045.3118571320392,1030.9543872983322,1032.698081014629,14570089,0.012501438255039021,12.7723388671875,1072.157017299107,1085.52421875,1086.7099658203124,1053.5237899780273,0.0162147319659586
2022-02-28,1068.682373046875,1072.2151647642706,1015.8948766365417,1015.8948766365417,21297446,0.03310043676367225,34.240478515625,1066.7252197265625,1082.8150146484375,1086.882978515625,1054.5497540283204,0.01751499219634677
2022-03-02,1086.34619140625,1087.4559017749605,1054.9363443782538,1057.314141139364,21471786,0.01652859521675687,17.663818359375,1065.0526297433037,1080.4945678710938,1087.9808520507813,1055.60953704834,0.0178015837043131
2022-03-03,1077.174560546875,1093.7286874382123,1073.4379888203655,1087.0028583304952,10186748,-0.00844264096650671,-9.171630859375,1063.6550467354912,1078.3281087239584,1088.5882104492186,1056.5714447021485,0.017745209552454705
2022-03-04,1053.283203125,1070.8337101992126,1050.9280486616494,1065.7157207883167,10805667,-0.022179652488029,-23.891357421875,1059.5496477399554,1075.368290201823,1088.2208935546876,1057.3516094970703,0.01812606002173838
2022-03-07,1014.3323974609375,1047.1915918601796,1006.3836454479082,1032.0640445664155,17983310,-0.03698037294100853,-38.9508056640625,1050.84716796875,1071.7766520182292,1087.0822583007812,1057.916484375,0.019007914797653357
2022-03-08,1012.4979858398438,1017.253699474235,987.3610616449254,1001.6279629474421,21289374,-0.001808491600668205,-1.83441162109375,1049.5369437081474,1068.117832438151,1085.8385437011718,1058.498477783203,0.018999362236006682
2022-03-09,1066.214111328125,1072.0567736389658,1011.8865764630572,1012.724579802494,20414228,0.05305306898336681,53.71612548828125,1054.0758318219866,1067.7585184733073,1085.6922497558594,1059.3103494262696,0.020318149197236877
2022-03-10,1083.4927978515625,1089.267532756051,1068.8862634347242,1087.0029472759036,17980493,0.016205644194592805,17.2786865234375,1056.191606794085,1068.0453633626303,1085.6365393066405,1060.246753540039,0.02053150593369989
2022-03-11,1086.617919921875,1091.9850941858494,1076.1555181267943,1076.1555181267943,12257423,0.002884303501148544,3.1251220703125,1056.23042515346,1068.9670471191407,1085.606192626953,1061.249559020996,0.020330589912407528
2022-03-14,1095.54052734375,1098.0542977910961,1075.2271823953638,1081.0698447752459,8340678,0.00821135677802598,8.922607421875,1058.8541346958705,1070.2201192220052,1086.1474279785157,1062.28140625,0.02036809409051284
2022-03-15,1070.4488525390625,1099.6620420875429,1060.2128731362302,1099.6620420875429,15925769,-0.02290346562123524,-25.0916748046875,1061.3063703264509,1069.8706156412761,1086.1048547363282,1063.1741415405274,0.020459271985029143
2022-03-16,1088.5203857421875,1090.581191192119,1076.6312801930274,1078.850581492875,11149828,0.016882201480491243,18.071533203125,1071.9046543666295,1070.242763264974,1086.1003283691407,1063.8893615722657,0.02068173820891219
2022-03-17,1124.00634765625,1131.1170954708805,1093.8419456429745,1101.8359811947334,21422098,0.03260018129092468,35.4859619140625,1087.8344203404017,1071.7245625813803,1086.3141076660156,1064.634196472168,0.021494301482272764
2022-03-21,1117.52978515625,1125.0482148088292,1104.6669425964524,1106.9315283978274,11999466,-0.005762033740738914,-6.4765625,1095.1652308872767,1073.4554707845052,1086.294180908203,1065.327240600586,0.021367229013153896
2022-03-22,1146.4031982421875,1148.124249688356,1111.2794206216663,1114.2232739689239,22557065,0.025836817478561036,28.8734130859375,1104.1524309430804,1076.4726582845053,1087.3327233886719,1066.0916470336915,0.021701365796042277
2022-03-23,1150.049072265625,1161.6664689349448,1142.7119015169374,1142.7119015169374,15462187,0.003180272027352826,3.6458740234375,1113.2140241350446,1079.8257588704428,1088.2675427246095,1066.85532623291,0.021633749005742626
2022-03-24,1167.9166259765625,1170.407753742212,1136.823891628139,1136.823891628139,13168266,0.015536340267409576,17.8675537109375,1123.553466796875,1083.1864074707032,1089.5415979003906,1067.7515594482422,0.021607523831458895
2022-03-25,1175.706787109375,1184.8330546330317,1167.1692182902332,1169.6603458567138,14222488,0.006670134630799351,7.7901611328125,1138.5903145926338,1086.3923075358073,1090.8124792480469,1068.603471069336,0.021559746069307984
2022-03-28,1187.5283203125,1191.060992805179,1171.4723190412603,1182.1158606493575,9891424,0.010054831130293707,11.821533203125,1152.7343052455358,1090.0292419433595,1091.726016845703,1069.543376159668,0.02158198940856167
2022-03-29,1187.7998046875,1194.7973413665754,1180.9381215710694,1194.7973413665754,8684065,0.00022861296893417205,0.271484375,1161.84765625,1093.745428466797,1092.516356201172,1070.5740045166015,0.02156685238476072
2022-03-30,1210.6270751953125,1217.4434746814534,1185.331593767139,1195.6581430818142,15811550,0.019218112696876677,22.8272705078125,1175.1472691127233,1098.7939554850261,1093.729727783203,1071.7007153320312,0.02142840408049393
2022-03-31,1193.325439453125,1209.1550162306944,1190.5400818204482,1207.0036419353132,13223718,-0.01429146604820164,-17.3016357421875,1181.8504464285713,1102.0670430501302,1094.4770446777343,1072.655466003418,0.020961576246665843
2022-04-01,1202.8819580078125,1207.094137293246,1187.5507515318518,1193.891542920345,7922880,0.00800830874691405,9.5565185546875,1189.3980015345983,1105.7341613769531,1095.6913171386718,1073.5860986328125,0.020956993357436348
2022-04-04,1206.4373779296875,1211.5553673825946,1196.4505836886062,1202.7008059618925,7929162,0.002955751308934218,3.555419921875,1194.9009660993304,1109.058575439453,1096.9785095214843,1074.5229592895507,0.020884124323272947
2022-04-05,1189.3851318359375,1209.2456310104756,1186.9620503043643,1200.7307025551163,13149870,-0.014134381448801414,-17.05224609375,1196.855015345982,1112.1029357910156,1098.3245812988282,1075.4615188598632,0.021029259987443854
2022-04-06,1186.2147216796875,1193.2122590361132,1171.744039651222,1171.744039651222,12257215,-0.002665587513571932,-3.17041015625,1196.6673583984375,1115.4115051269532,1099.6036242675782,1076.3750546264648,0.02091438441281099
2022-04-07,1165.2899169921875,1180.3041331292436,1162.6402930619627,1175.3672812713683,15496499,-0.017639980608123218,-20.9248046875,1193.45166015625,1118.1871358235678,1101.369552001953,1077.1613204956054,0.021214596810100548
2022-04-08,1184.6748046875,1188.9096265891387,1159.4698932414146,1159.4698932414146,15152495,0.016635248801730063,19.3848876953125,1189.7441929408483,1121.8346374511718,1103.5652990722656,1078.0182418823242,0.0212931566322757
2022-04-11,1182.206298828125,1195.0464967892808,1169.886872844364,1177.5864392090166,9254209,-0.0020836991295903884,-2.468505859375,1188.1557442801338,1127.1858622233074,1106.030076904297,1078.888862915039,0.01881295524980007
2022-04-12,1159.945556640625,1178.7642727503164,1157.3865016457235,1171.6986884850992,13217742,-0.018829828778248126,-22.2607421875,1182.02197265625,1131.369317626953,1108.070020751953,1079.694378051758,0.019249436029150212
2022-04-13,1155.6881103515625,1174.2351195875087,1152.9026326764838,1166.0373022107094,10354235,-0.0036703845837322557,-4.2574462890625,1174.7720772879463,1134.2695088704427,1109.5651037597656,1080.5960247802734,0.018488375328816906
2022-04-18,1152.1551513671875,1159.3792305452218,1142.1683569783831,1147.2410619855225,9974224,-0.003057017678671392,-3.532958984375,1169.4535086495537,1136.4631408691407,1111.0610876464843,1081.5910852050781,0.018331156407691382
2022-04-19,1196.065673828125,1208.385101413979,1155.4163428280708,1158.564096562945,26141820,0.0381116400936381,43.9105224609375,1170.8607875279017,1140.4261779785156,1113.3913537597657,1082.8474795532227,0.019348121882750174
2022-04-20,1231.2347412109375,1238.277682969599,1199.8248909839451,1203.448252046231,25072240,0.02940396012724822,35.1690673828125,1180.2814767020088,1146.3578959147135,1116.7039978027344,1084.2756430053712,0.019263068891148427
2022-04-21,1260.06298828125,1263.1880996959114,1237.3717275306717,1245.9319403276972,21708633,0.023414094896282434,28.8282470703125,1191.0512172154017,1154.548915608724,1120.7875061035156,1085.7962020874024,0.017780598736654305
2022-04-22,1249.5101318359375,1269.0761631730086,1242.897512398799,1249.555416364938,15054154,-0.008374864227784995,-10.5528564453125,1200.666050502232,1162.4493204752605,1124.7885876464843,1087.2927569580079,0.017937689934306444
2022-04-25,1220.61376953125,1249.3287095526507,1206.414795351199,1242.0821076628993,17063215,-0.02312615285658337,-28.8963623046875,1209.3329380580358,1167.5959757486978,1127.8589196777343,1088.574401245117,0.016560396875382685
2022-04-26,1257.1416015625,1265.9055943331985,1226.3658564890222,1227.4075203143414,12227666,0.029925790567869592,36.52783203125,1223.8262939453125,1173.3842692057292,1131.4111560058593,1089.9907885742186,0.017072072864202432
2022-04-27,1258.3646240234375,1280.851985416539,1247.811532355269,1248.1739283672139,19338945,0.0009728597473963596,1.2230224609375,1238.9990757533483,1179.1091593424478,1135.0100427246093,1091.470812072754,0.017084217956499774
2022-04-28,1277.16064453125,1291.269050141953,1261.874601680994,1272.6767577965609,25614076,0.014936863409045209,18.7960205078125,1250.5840715680804,1185.1631632486979,1139.0269714355468,1093.0782180786132,0.017171125500773536
2022-04-29,1263.75439453125,1293.6016912062303,1257.8890896131295,1293.6016912062303,18214862,-0.010496917562723973,-13.40625,1255.229736328125,1191.6066813151042,1143.118634033203,1094.6581100463868,0.016609464520916353
2022-05-02,1259.315673828125,1270.6612443033114,1249.1702630612974,1250.9593611931234,9467006,-0.0035123285998711617,-4.438720703125,1255.1229771205358,1197.2998575846354,1146.4022912597657,1096.2642706298827,0.01655248085516719
2022-05-04,1220.00244140625,1263.6411523249315,1212.1443778001394,1261.376566525436,19247660,-0.031217933071831627,-39.313232421875,1250.9075927734375,1200.4997273763022,1148.9449719238282,1097.6446517944337,0.016978644333321857
2022-05-05,1196.11083984375,1236.4658174286478,1192.079918457506,1233.5218443509423,17210669,-0.01958324078020779,-23.8916015625,1247.4071742466517,1203.1190958658854,1150.7330895996095,1098.8702471923827,0.017403271695723338
2022-05-06,1186.939453125,1204.3088248386653,1174.6653095599413,1183.1123115474356,19649948,-0.007667672939029702,-9.17138671875,1237.3782958984375,1204.470304361979,1152.5107922363281,1100.0810104370116,0.016916533334107486
2022-05-09,1140.583251953125,1176.2732081933118,1135.4652620079833,1166.2410086662385,18083752,-0.03905523660017152,-46.356201171875,1220.5523856026787,1204.1547770182292,1153.5833044433593,1101.0682583618163,0.018442991942097732
2022-05-10,1120.813232421875,1144.3423749690376,1113.2721615832613,1130.0301899582084,19511677,-0.017333254277928423,-19.77001953125,1198.217041015625,1202.5846638997396,1154.359149169922,1101.8886053466797,0.018457704337562362
2022-05-11,1109.3319091796875,1125.478478168712,1096.9445548183617,1119.9075231154202,16643899,-0.010243743480239265,-11.4813232421875,1176.1566859654017,1200.37216796875,1155.0407922363281,1102.6820043945313,0.018467121950967714
2022-05-12,1086.7313232421875,1102.787203178042,1073.4155164726255,1099.458311385817,20490321,-0.02037315049759303,-22.6005859375,1151.5017787388392,1197.0122680664062,1156.3420275878907,1103.3740637207031,0.01863011649298508
2022-05-13,1099.0506591796875,1122.3306194635952,1093.9553113783713,1098.7789520224087,19308778,0.011336137713180205,12.3193359375,1134.2229527064733,1194.0539632161458,1157.6342028808594,1104.0668020629882,0.01880165511103993
2022-05-16,1099.322509765625,1123.689419002713,1094.544153545097,1102.60611718799,13437911,0.00024735036885426,0.2718505859375,1120.3960484095983,1190.3438110351562,1158.2470056152345,1104.7948681640626,0.018362893726613434
2022-05-17,1145.497314453125,1150.366239393939,1101.496331090796,1102.9003909379085,16551828,0.042002964805427645,46.1748046875,1114.4757428850446,1188.7495402018228,1159.4300280761718,1105.8191415405274,0.019979387328478305
2022-05-18,1149.6641845703125,1163.9990123371506,1136.0313867118257,1150.2530031709177,17276788,0.0036376079320419308,4.1668701171875,1115.7730189732142,1186.9756144205728,1160.8798205566407,1106.9137310791016,0.019926011764751287
2022-05-19,1123.16845703125,1137.956250241304,1116.918234266966,1125.0481241931686,14699118,-0.0230464929626083,-26.4957275390625,1116.1094796316963,1184.1999837239584,1162.2775256347657,1107.9158117675781,0.020295874213833512
2022-05-20,1188.6605224609375,1197.6962234407256,1133.200752456055,1137.9563467189944,21793091,0.0583101003413109,65.4920654296875,1127.442138671875,1184.175830078125,1165.7640881347656,1109.2093460083008,0.022959769585089787
2022-05-23,1180.7117919921875,1201.8403770570499,1174.4161648907582,1191.8534622113486,15252755,-0.006687132548402808,-7.94873046875,1140.867919921875,1183.9923990885416,1169.1283642578126,1110.5037857055663,0.022988991429589913
2022-05-24,1184.7652587890625,1194.7973375363194,1176.5448004718992,1180.7569797022973,13527818,0.0034330704786438293,4.053466796875,1153.1128627232142,1184.6415771484376,1171.4993872070313,1111.7342498779296,0.02274901177846277
2022-05-25,1183.0216064453125,1203.2670225299603,1178.2658929997126,1193.4387237828619,12714544,-0.0014717281172914598,-1.74365234375,1165.0698765345983,1184.5864705403646,1173.4899633789062,1112.9214608764648,0.02255376403199436
2022-05-26,1171.743896484375,1193.393371125466,1154.0347740615534,1188.6376579513867,17882023,-0.009532970403494323,-11.2777099609375,1168.8193882533483,1184.237723795573,1175.1924829101563,1114.0160498046876,0.022620644188458973
2022-05-27,1166.3089599609375,1179.9191164627784,1150.4568600156867,1174.4388502012214,16521973,-0.004638331413326813,-5.4349365234375,1171.1972133091517,1184.4498372395833,1176.6078515625,1115.0143942260743,0.02236130843627703
2022-05-30,1206.935791015625,1211.1025664956994,1174.9597635821942,1184.3803827895526,13853398,0.034833678252843114,40.6268310546875,1183.1639753069196,1186.1580932617187,1179.3375903320311,1116.3182321166992,0.02320735162954217
2022-05-31,1192.3743896484375,1213.2765527152142,1184.697464521731,1196.3373846577454,70620653,-0.012064768876341114,-14.5614013671875,1183.6945277622767,1187.4987345377604,1181.4146704101563,1117.5762118530274,0.023329039000001703
2022-06-01,1192.7593994140625,1202.587698682473,1184.9238588339676,1193.121675611818,9776989,0.00032289335377155837,0.385009765625,1185.4156145368304,1187.388525390625,1182.7897314453126,1118.811432800293,0.022275119064821634
2022-06-02,1233.8843994140625,1237.575687367432,1192.9858825014019,1192.9858825014019,22126569,0.03447887312412079,41.125,1192.4326346261162,1187.4768473307292,1185.1168237304687,1120.1860391235352,0.022522874245645943
2022-06-03,1258.8853759765625,1276.0283243723425,1241.9009234208313,1242.8068535360608,23939791,0.020262008802746978,25.0009765625,1203.2703159877233,1187.4375935872397,1187.3664672851562,1121.7010494995118,0.022418507505707858
2022-06-06,1253.47314453125,1274.5111629536582,1246.3396331112071,1259.1120268728403,11093152,-0.0042992249720226194,-5.4122314453125,1214.9459228515625,1187.5696940104167,1189.4349487304687,1123.109398803711,0.022377005897139226
2022-06-07,1255.828125,1264.139152836091,1246.4527910651425,1254.5372764842177,12358255,0.0018787641993165405,2.35498046875,1227.734375,1188.743505859375,1191.1931787109374,1124.4664538574218,0.02193391124829761
2022-06-08,1233.7711181640625,1259.564728048269,1230.260968517713,1255.8281557796806,12479250,-0.017563714649198148,-22.0570068359375,1231.5679931640625,1187.9644897460937,1192.3544653320312,1125.7341711425781,0.021496981094383506
2022-06-09,1267.6041259765625,1269.528957983228,1227.4076388685442,1227.4076388685442,17278305,0.027422434610761437,33.8330078125,1242.3150983537946,1188.2724731445312,1193.9559814453125,1127.1520309448242,0.022089634752925958
2022-06-10,1229.3323974609375,1263.595647717919,1223.5576627478845,1255.4431162995847,18093057,-0.03019217729836632,-38.271728515625,1247.5398123604912,1186.6781982421876,1194.7866333007812,1128.4337881469726,0.02260168197152114
2022-06-13,1206.074951171875,1210.5588374187555,1184.9690106078476,1200.2324095352897,17620803,-0.018918761383901028,-23.2574462890625,1243.5670340401787,1184.7555501302083,1194.6955908203124,1129.5673275756835,0.022774996897672574
2022-06-14,1190.3135986328125,1210.1288135182253,1183.6783373201108,1200.2552293704455,14714312,-0.013068302698557854,-15.7613525390625,1233.7710658482142,1182.4554809570313,1194.6353540039063,1130.5737109375,0.022873503987743966
2022-06-15,1175.910888671875,1194.4805402025763,1170.5211912252462,1185.5354082981676,11195535,-0.012099928940978555,-14.4027099609375,1222.6907435825892,1180.9857625325521,1194.0959326171876,1131.465280151367,0.022279239606028296
2022-06-16,1159.4698486328125,1204.331357067944,1156.752298028243,1188.0036507794862,17111475,-0.013981535673703749,-16.4410400390625,1208.9252755301338,1179.7643961588542,1193.15658203125,1132.2115756225585,0.022141073318365023
2022-06-17,1173.057373046875,1188.8415454022556,1157.7035234680366,1159.4698594973618,24457187,0.011718738896129288,13.5875244140625,1200.2518833705358,1179.30166015625,1192.8300268554688,1133.032716064453,0.0222165720991646
2022-06-20,1151.7930908203125,1185.3316762636523,1141.8514592915058,1179.8512897369692,12066797,-0.018127231212341388,-21.2642822265625,1183.7074497767858,1179.6753214518228,1192.1415942382812,1133.6504968261718,0.02126104540433292
2022-06-21,1170.38525390625,1174.5973137201734,1145.112415821389,1159.4698864092793,11720049,0.01614192968695094,18.5921630859375,1175.2864292689733,1181.3277221679687,1192.2435009765625,1134.388639831543,0.021168820143125256
2022-06-22,1134.831298828125,1158.7000801408756,1132.7478510128988,1158.6095110793892,10617206,-0.03037799302363131,-35.553955078125,1165.1087646484375,1182.1777018229166,1191.246630859375,1134.9287448120117,0.021866806419166603
2022-06-23,1116.419921875,1143.6177098347453,1107.3842221697334,1139.1111811125647,19446323,-0.016223888935859798,-18.411376953125,1154.552525111607,1183.1673217773437,1189.9309033203126,1135.3149697875976,0.02173980275795087
2022-06-24,1132.3175048828125,1137.2768791745684,1117.8014186070498,1123.2365200121847,14240234,0.01423978800119663,15.8975830078125,1148.3248988560267,1184.2762166341147,1189.3783422851564,1135.567585144043,0.021793232419139906
2022-06-27,1128.9658203125,1152.6534598644344,1123.9383995696694,1152.6534598644344,15474529,-0.002960021863001594,-3.3516845703125,1143.9671805245537,1185.2643269856771,1188.843896484375,1135.719425354004,0.021806038177107336
2022-06-28,1144.840576171875,1147.67133814574,1124.187598454475,1124.187598454475,13572847,0.01406132548368988,15.874755859375,1139.9362095424108,1185.2424357096354,1188.6976049804687,1135.9159909057616,0.020560518848468403
2022-06-29,1168.59619140625,1176.2279518820312,1132.7477384681235,1135.555858296585,19205146,0.020750151356278,23.755615234375,1142.3366524832588,1185.8735026041666,1188.1482153320312,1136.2529623413086,0.02089433897230085
2022-06-30,1175.616455078125,1184.7880089664673,1162.1874370508547,1168.5282289340553,23112959,0.006007433297747555,7.020263671875,1143.0839669363838,1187.6217692057292,1187.035849609375,1136.6380557250977,0.02042113986407677
2022-07-01,1090.943359375,1173.9631898181497,1071.150907551117,1166.2183382001654,81997149,-0.07202442202758896,-84.673095703125,1136.8142613002233,1184.3645304361978,1183.65345703125,1136.7221847534179,0.021785549133838393
2022-07-04,1093.2078857421875,1106.0254419629423,1071.648979247077,1077.4689986763794,41857728,0.0020757506315312035,2.2645263671875,1133.498256138393,1181.447733561198,1180.527412109375,1136.8246566772461,0.021787920276405377
2022-07-05,1102.0625,1116.3973279805082,1094.7478514073186,1097.42011751126,17647327,0.008099661897152277,8.8546142578125,1129.1761125837054,1178.6909749348958,1178.15638671875,1136.9490963745118,0.021847066592870203
2022-07-06,1092.3699951171875,1106.0027924376789,1081.5679595799388,1096.106567126978,23943726,-0.008794877679634827,-9.6925048828125,1123.9481375558037,1175.6692545572917,1174.8609545898437,1136.9120706176757,0.021879824629003515
2022-07-07,1081.61328125,1102.0624779330788,1075.6800503518655,1098.7335863010783,23301033,-0.009847134135200775,-10.7567138671875,1114.9156668526787,1172.664900716146,1171.325927734375,1136.9065225219726,0.021883421737347742
2022-07-08,1083.1080322265625,1095.155633472675,1079.0996326989614,1095.155633472675,19010108,0.0013819643327928066,1.4947509765625,1102.7030726841517,1169.8915364583333,1167.4448754882812,1136.8998428344726,0.021890071762892267
2022-07-11,1097.8277587890625,1100.046939975301,1073.4154479368833,1076.3594210782474,13847467,0.013590266274953633,14.7197265625,1091.5904017857142,1166.2546020507812,1164.1263427734375,1136.943323059082,0.020974243915277906
2022-07-12,1096.2650146484375,1104.9837222205626,1088.8145132177926,1088.8145132177926,10778989,-0.001423487544483959,-1.562744140625,1092.3506382533483,1163.050956217448,1160.8653295898437,1136.9205630493163,0.020904421028980952
2022-07-13,1076.8349609375,1102.4022679488555,1074.7742754785731,1099.3677256155834,14224132,-0.017723865535532513,-19.4300537109375,1090.0116489955358,1159.1868082682292,1158.0019799804688,1136.6661367797851,0.021076885808362866
2022-07-14,1085.7120361328125,1102.379494520794,1076.563125697215,1081.5679036455379,16970315,0.008243672909341804,8.8770751953125,1087.6758684430804,1154.2477294921875,1155.79400390625,1136.4724014282226,0.019975829875527606
2022-07-15,1087.8182373046875,1093.796752824721,1079.3487135847495,1093.796752824721,9603210,0.0019399261514840838,2.106201171875,1087.0256173270088,1148.5454915364583,1153.8115795898439,1136.1946499633789,0.019480570732000026
2022-07-18,1097.080322265625,1098.3257662865883,1083.5153331838935,1096.5141460013817,15160908,0.008514368157576113,9.2620849609375,1089.2351946149554,1143.3323974609375,1152.9415209960937,1135.9097634887696,0.01962886863672871
2022-07-19,1103.8065185546875,1108.2904060429255,1087.139055303216,1087.139055303216,16439888,0.006130997113476644,6.7261962890625,1092.1921212332588,1138.265010579427,1152.60138671875,1135.7042532348632,0.019689849445228842
2022-07-20,1133.6534423828125,1151.543703777921,1126.0670869457035,1150.4114709277653,23924246,0.0270399959833596,29.846923828125,1097.3100760323662,1134.927754720052,1153.0878173828125,1135.667453918457,0.020312347952045885
2022-07-21,1126.0897216796875,1132.2947793542016,1117.484344754926,1129.5772288514759,16523230,-0.006671986711588751,-7.563720703125,1101.5707484654017,1130.2106079101563,1153.8749853515626,1135.5827578735352,0.019511905019704186
2022-07-22,1133.6988525390625,1139.6773678755283,1130.030207237111,1132.2947927493988,10969995,0.00675712664176098,7.609130859375,1109.6941615513392,1127.022823079427,1154.56794921875,1135.4626217651366,0.018943127598324
2022-07-25,1096.242431640625,1117.5522733397709,1088.361726850526,1117.5522733397709,23110452,-0.033039127467183294,-37.4564208984375,1111.1985037667412,1123.3617390950521,1154.50634765625,1135.035066833496,0.019530982256122358
2022-07-26,1096.74072265625,1106.886133119494,1092.143624721455,1096.5595845623452,11303288,0.00045454454347226836,0.498291015625,1112.47314453125,1120.2426432291666,1153.5312158203126,1134.721760559082,0.019446202964219384
2022-07-27,1095.698974609375,1099.2316463703332,1087.90871936657,1096.038608509345,8655086,-0.0009498580889308883,-1.041748046875,1112.2758091517858,1117.5689127604167,1152.4519116210938,1134.3748251342774,0.019363530329555685
2022-07-28,1112.86474609375,1117.7788361232904,1096.5143960795697,1103.3081533989875,12496073,0.015666503193082493,17.165771484375,1113.5698416573662,1116.0154093424478,1152.2458374023438,1133.8898635864257,0.019495860867066866
2022-07-29,1136.5748291015625,1140.0396942059215,1115.989778235377,1120.8359411287292,15130683,0.0213054489245319,23.7100830078125,1113.9871826171875,1114.7993245442708,1151.2041235351562,1133.565574645996,0.0197908821480367
2022-08-01,1166.19580078125,1172.038463313215,1135.7370437974075,1140.968245399228,15700044,0.026061611537800955,29.6209716796875,1119.7166224888392,1115.279414876302,1150.9138037109376,1133.355082092285,0.02010327647050443
2022-08-02,1170.6343994140625,1181.1194448466035,1160.1719962455124,1165.1314906618964,13917913,0.003806049232760955,4.4385986328125,1124.993129185268,1115.2877197265625,1150.6311865234375,1133.1052987670898,0.01989984829791406
2022-08-03,1180.4625244140625,1182.11564904104,1162.8440902328596,1177.586478112168,14250977,0.008395554585547194,9.828125,1137.0245710100446,1116.8087605794271,1150.5800048828125,1132.8923135375976,0.01908774926603205
2022-08-04,1164.859619140625,1185.6259288355277,1148.1469933470867,1182.1157790494954,14467127,-0.013217620170688726,-15.6029052734375,1146.7558419363838,1118.4234171549479,1150.4423193359376,1132.5850094604493,0.018999202525610177
2022-08-05,1147.69384765625,1167.9845468317753,1144.5008098568317,1166.7164604960217,13942438,-0.01473634350638664,-17.165771484375,1154.1836809430804,1118.9359619140625,1150.0700170898438,1132.1369601440429,0.01907064384473513
2022-08-08,1162.7081298828125,1170.1359894573532,1146.3351396535795,1146.3351396535795,10165178,0.013082131839622368,15.0142822265625,1161.304164341518,1120.0607055664063,1149.1854638671875,1131.8352029418945,0.0191910450142244
2022-08-10,1169.660400390625,1173.011933912273,1158.133573794528,1167.1239881901556,10724688,0.0059793772221350405,6.9522705078125,1166.0306745256696,1120.8880330403647,1148.7311840820312,1131.7446188354493,0.01906003956261843
2022-08-11,1173.5555419921875,1182.070349687536,1168.6186906335156,1178.9905230785732,8198226,0.003330147451569454,3.8951416015625,1167.082066127232,1121.0533447265625,1148.3471069335938,1131.6624142456055,0.018696173547020148
2022-08-12,1192.53271484375,1196.314571208688,1169.5245850188705,1173.1931102851886,12650587,0.01617066442321735,18.9771728515625,1170.2103969029017,1121.6172200520834,1147.5200732421874,1131.733069152832,0.018893920276552928
2022-08-16,1200.8211669921875,1203.5387175050762,1189.9512045412775,1198.511296976361,6607378,0.006950293308744637,8.2884521484375,1173.1187744140625,1125.2798136393228,1146.3587890625,1131.7109884643555,0.013001508472644498
2022-08-17,1207.09423828125,1212.4160085847718,1202.746205068067,1207.0263114935751,6595965,0.005223984604447951,6.2730712890625,1179.1522914341517,1129.076025390625,1145.4312109375,1131.796477355957,0.013004110605137705
2022-08-18,1209.2833251953125,1212.7820913718717,1199.6955520359063,1208.6925853891362,7410035,0.001813517822087718,2.1890869140625,1187.9507882254463,1132.6500528971353,1144.5003149414063,1131.958132019043,0.012976232194989666
2022-08-19,1187.7220458984375,1209.4648732471105,1183.677852607992,1204.148456169832,9460724,-0.017829799557843584,-21.561279296875,1191.524204799107,1135.8284545898437,1143.5793334960938,1132.1531759643556,0.013362852307094648
2022-08-22,1184.427734375,1195.651309470641,1175.0672431781986,1189.1535324408326,9471680,-0.0027736384407561765,-3.2943115234375,1193.633823939732,1139.2556030273438,1141.9158056640624,1132.3282388305663,0.013191853824164011
2022-08-23,1202.694580078125,1205.6027266806439,1177.4982950302235,1178.7024907985585,9678484,0.015422507573046751,18.266845703125,1197.7965436662946,1143.2418212890625,1141.3830493164062,1132.6784262084961,0.013376000547258746
2022-08-24,1199.490966796875,1213.2365143204822,1197.4917062121833,1199.6500999587201,10369622,-0.0026636964482220638,-3.20361328125,1198.7905796595983,1146.630594889323,1141.2513696289063,1133.0515463256836,0.013285588084858323
2022-08-25,1195.9923095703125,1210.0103318429638,1191.6982378249359,1203.6715670494066,7871946,-0.002916784972466502,-3.4986572265625,1198.1007428850446,1149.9548380533854,1141.3649438476561,1133.372638244629,0.013305677788039781
2022-08-26,1189.6077880859375,1204.1485194816453,1184.6095168359632,1196.4237108559755,10742038,-0.005338262991564591,-6.384521484375,1195.6026785714287,1153.7139322916667,1141.6388818359376,1133.6547872924805,0.012824167419916271
2022-08-29,1180.36083984375,1206.4204546360302,1171.4546722003442,1174.6126958822672,19838975,-0.007773106678349628,-9.2469482421875,1191.4708949497767,1156.8688924153646,1142.0567016601562,1133.8459756469726,0.012948580399044186
2022-08-30,1198.6729736328125,1201.990130578996,1170.795826558723,1187.790261371782,23139054,0.015514013317729614,18.3121337890625,1193.0353131975446,1160.5640502929687,1142.569013671875,1134.0648635864259,0.013150507040038993
2022-09-01,1163.4346923828125,1183.6780172121637,1159.0270403092493,1173.5450568236956,19909939,-0.029397744026215533,-35.23828125,1190.0363071986608,1162.7758626302084,1142.801845703125,1134.097029724121,0.014397044852385424
2022-09-02,1149.8482666015625,1170.2278880627014,1147.6671567250864,1163.4346809089884,12999345,-0.01167785855983361,-13.58642578125,1182.4868338448662,1164.3105875651042,1142.3911059570312,1133.973963317871,0.014589263712490913
2022-09-05,1167.7060546875,1173.0224725362493,1150.0754462865928,1150.0754462865928,11327815,0.015530560513620673,17.8577880859375,1177.9461321149554,1165.445674641927,1143.0486010742188,1133.9748342895507,0.014034347941176263
2022-09-06,1179.9974365234375,1184.1552111927028,1168.7057123414318,1169.1601553219334,10899618,0.010526092407071586,12.2913818359375,1175.6611502511162,1167.2425984700521,1144.3201513671875,1134.1728103637695,0.014057899123288985
2022-09-07,1173.1361083984375,1179.1114147484413,1167.796974159679,1170.0689487334319,7488501,-0.005814697483763287,-6.861328125,1173.3080531529017,1168.5571736653646,1145.1365234375,1134.4585427856446,0.014087937691142118
2022-09-08,1174.7945556640625,1180.519984126391,1168.2513462113554,1176.0896159479148,7057077,0.0014136869999585855,1.658447265625,1172.5128696986608,1171.1755777994792,1146.0530981445313,1134.7315060424805,0.012513791199135637
2022-09-09,1167.4788818359375,1185.9727033347192,1165.0704903678632,1185.9727033347192,8314850,-0.006227194187148566,-7.315673828125,1168.0565708705358,1173.533516438802,1146.5058642578124,1135.2159768676759,0.012608443284952479
2022-09-12,1180.5426025390625,1186.8814864106484,1168.04668408102,1168.04668408102,7435419,0.011189684804046696,13.063720703125,1170.5005580357142,1176.3616373697917,1146.7447924804687,1135.7157192993163,0.012699583202979293
2022-09-13,1190.403076171875,1194.9243089400052,1181.8832020191865,1189.607891122723,8888657,0.008352492838128,9.8604736328125,1176.2941022600446,1178.9462483723958,1147.0405249023438,1136.3427786254883,0.012508200421742976
2022-09-14,1176.135009765625,1185.9726599528265,1169.046493026583,1170.0688394223355,8678219,-0.011985911908203084,-14.26806640625,1177.4982386997767,1180.2649210611978,1148.7443579101562,1136.5779452514648,0.012239970700219592
2022-09-15,1164.4798583984375,1183.041828116281,1161.776157155841,1173.7040529111878,10365600,-0.009909705323294493,-11.6551513671875,1175.2814418247767,1180.2077229817708,1150.1697973632813,1136.936795349121,0.011458872123612799
2022-09-16,1135.625732421875,1160.0722649582217,1131.899684568862,1155.8690579820689,20217708,-0.02477855307540222,-28.8541259765625,1169.922816685268,1179.0407674153646,1150.8410620117188,1137.0859286499024,0.01229095108874874
2022-09-19,1137.1025390625,1146.3040180403946,1127.5147655140897,1135.6257495827476,7580254,0.0013004342878666364,1.476806640625,1164.5382428850446,1177.5954345703126,1151.735712890625,1137.3241970825195,0.012172851743516256
2022-09-20,1137.2841796875,1153.119972213298,1133.5808482063046,1146.1903481529216,8411448,0.00015973988163797692,0.181640625,1160.2247140066963,1176.6762532552084,1152.849130859375,1137.4238748168946,0.011959637922849918
2022-09-21,1140.419677734375,1150.9843653188254,1133.7173348356014,1134.5125199123227,9207309,0.002757004891896564,3.135498046875,1154.4928676060267,1176.4337809244792,1153.9953637695312,1137.503337097168,0.011676227228864482
2022-09-22,1129.673095703125,1137.3523524884633,1123.3116153435435,1129.6276634257686,10308170,-0.009423357243887431,-10.74658203125,1145.8171561104912,1175.3326131184897,1154.6322705078126,1137.6980050659179,0.011518966236797951
2022-09-23,1108.498291015625,1134.1488981287762,1106.9533532004177,1129.1733426023927,9528051,-0.01874418782570053,-21.1748046875,1136.1547677176338,1173.293876139323,1154.8769360351562,1137.8901773071289,0.011888605334082236
2022-09-26,1080.257568359375,1098.6379294477279,1079.257938059937,1087.845960638479,12479523,-0.02547655949056571,-28.24072265625,1124.123011997768,1170.183943684896,1154.9453881835936,1137.8975521850587,0.012608206200798744
2022-09-27,1088.845703125,1102.3639690673094,1072.4192906698377,1087.8232365030442,16154822,0.007950080626297318,8.588134765625,1117.440150669643,1166.7277099609375,1155.0080615234374,1137.8657760620117,0.012269156749067686
2022-09-28,1059.8551025390625,1080.5528678614462,1057.4241154049128,1072.5327497220442,16997059,-0.026625076907347056,-28.9906005859375,1106.4048025948662,1162.0288411458334,1154.448798828125,1137.602200012207,0.012852031142957389
2022-09-29,1056.606201171875,1075.7816245647894,1051.017070236145,1072.373723430393,14671827,-0.0030654203196306407,-3.2489013671875,1094.8793770926338,1157.0125732421875,1153.63931640625,1137.3167184448241,0.012733813841691114
2022-09-30,1080.439453125,1091.4584634929545,1050.1084789606275,1050.1084789606275,18613024,0.022556418774271503,23.833251953125,1086.3107735770088,1152.7177775065104,1153.1719750976563,1137.2620468139648,0.013612827577759395
2022-10-03,1076.690673828125,1098.2516553264609,1073.7370949613044,1086.687337582096,11852723,-0.0034696801250937437,-3.748779296875,1078.7418561662946,1149.0167317708333,1152.0327197265624,1137.2554373168946,0.013347211281340868
2022-10-04,1096.5477294921875,1098.7288394831442,1086.0739063841288,1089.5500767240444,8948850,0.018442674527366032,19.8570556640625,1077.034633091518,1146.0873982747396,1151.4418798828126,1137.363851623535,0.01391928455213548
2022-10-06,1100.5916748046875,1113.269322563035,1098.7968595905177,1103.7271026820092,13352162,0.0036878880907196265,4.0439453125,1079.9395054408483,1142.6839680989583,1150.779736328125,1137.4229635620118,0.013559293876320983
2022-10-07,1105.2493896484375,1110.4976589700225,1097.2065545320427,1097.2065545320427,7714340,0.004232009881936172,4.65771484375,1082.2828892299108,1139.5425821940105,1150.9598754882813,1137.6490518188477,0.0136211059693335
2022-10-10,1093.1851806640625,1098.547030597458,1085.0969133921378,1092.8216022630288,6329527,-0.010915372672779755,-12.064208984375,1087.0443289620537,1136.1156778971354,1150.8887646484375,1137.9577151489257,0.013704862617711767
2022-10-11,1071.41943359375,1096.9110251312234,1068.32955827905,1096.9110251312234,9215177,-0.019910393458764886,-21.7657470703125,1089.1605050223213,1132.1760660807292,1150.403173828125,1138.0807791137695,0.014048186806162646
2022-10-12,1079.3033447265625,1082.2342073300697,1064.6944639855953,1068.7386577474495,7417103,0.007358379814307092,7.8839111328125,1088.9982038225446,1128.8074829101563,1149.7319458007812,1138.1190505981444,0.014156465573883484
2022-10-13,1082.734130859375,1087.8232672093102,1072.4193209412924,1077.5540097610362,7328492,0.0031787042536051135,3.4307861328125,1089.8615548270088,1124.9428548177084,1148.6551318359375,1138.1764004516601,0.013777811515231428
2022-10-14,1077.23583984375,1097.9790399185752,1076.5088032110611,1097.3655839798673,9106089,-0.005078154330704354,-5.498291015625,1087.1027134486608,1122.069559733073,1146.8759326171876,1138.1891610717773,0.012874757807373292
2022-10-17,1094.5255126953125,1096.911067683068,1064.9216983657,1070.1018190034106,16729355,0.016050034924636636,17.2896728515625,1086.236118861607,1120.225467936198,1145.3537548828126,1138.2941445922852,0.013183425454565165
2022-10-18,1113.8375244140625,1119.1766588278992,1099.705801236905,1100.5464186357249,12415820,0.017644185991785077,19.31201171875,1087.4629952566963,1118.4298502604167,1144.0212548828124,1138.431940612793,0.013283168502785929
2022-10-19,1133.2174072265625,1148.6441893082867,1109.497912475689,1115.3142054707246,19247142,0.017399200859833597,19.3798828125,1093.181884765625,1116.870515950521,1143.3884106445312,1138.6573513793946,0.01355403069919988
2022-10-20,1136.2618408203125,1144.6227018334394,1129.173323936751,1129.173323936751,8717053,0.0026865397357431764,3.04443359375,1102.4450857979912,1115.6413736979166,1143.1597705078125,1138.996266784668,0.013544351365624789
2022-10-21,1123.0843505859375,1143.6231056125362,1120.9942254138175,1139.4880471639096,8243452,-0.01159723028704518,-13.177490234375,1108.6995152064733,1113.9177001953126,1142.367294921875,1139.2488009643555,0.0136729243692294
2022-10-24,1126.8331298828125,1137.1252236758137,1115.6778227953112,1117.8133802746593,3370033,0.0033379320929181056,3.748779296875,1114.9993722098213,1112.562841796875,1141.5107495117188,1139.4392330932617,0.013668211393190962
2022-10-25,1109.4298095703125,1135.5348605120162,1107.8167232856267,1135.5348605120162,12233241,-0.015444452111831208,-17.4033203125,1119.5985107421875,1110.1924153645834,1140.2282348632812,1139.4197952270508,0.01370804012677985
2022-10-27,1113.7918701171875,1121.6529753517277,1105.4537260220727,1116.90446154382,12513059,0.003931803985476545,4.362060546875,1122.3508475167412,1107.6387084960938,1138.65341796875,1139.3961239624023,0.013616621046188361
2022-10-28,1147.871826171875,1151.8931840194223,1117.5635667319068,1120.0854189154575,17609592,0.03059813684140278,34.0799560546875,1127.212890625,1106.696602376302,1137.5944311523438,1139.6631027221679,0.014727502995039466
2022-10-31,1158.5272216796875,1163.6846262416873,1150.62068370947,1154.6194450652783,12419943,0.0092827398189117,10.6553955078125,1130.828578404018,1106.4981811523437,1136.6230908203124,1139.9391983032226,0.014730747484739185
2022-11-01,1149.552978515625,1181.428769564145,1139.6244632866772,1181.428769564145,13963166,-0.007746251444183727,-8.9742431640625,1132.7273123604912,1106.962422688802,1135.4284838867188,1140.1658938598632,0.014058317596514465
2022-11-02,1156.7322998046875,1158.7998289194838,1142.8051438822936,1150.666129478395,8981896,0.00624531572118836,7.1793212890625,1137.5341622488838,1107.616748046875,1134.8086889648437,1140.3887417602539,0.014096938242085171
2022-11-03,1161.049072265625,1163.048452941367,1147.3717940343818,1149.5529038103175,6693449,0.0037318681787188446,4.3167724609375,1142.422154017857,1108.4089111328126,1134.3411157226562,1140.4847299194337,0.014107590134814286
2022-11-04,1178.1343994140625,1181.428720196316,1159.2088516372303,1160.4810755593053,12575815,0.014715422075225248,17.0853271484375,1152.237095424107,1109.6660685221354,1133.849912109375,1140.6339877319335,0.014332360526913059
2022-11-07,1184.427734375,1186.1090891689403,1169.6145286927685,1177.3392175630618,11789748,0.005341780160283527,6.2933349609375,1162.3279331752233,1111.4912231445312,1133.5486474609374,1140.80633392334,0.014208510476310452
2022-11-09,1183.246337890625,1191.4027533204435,1176.9074538352093,1186.1090519678319,11254205,-0.000997440747196321,-1.181396484375,1167.3814348493304,1113.9828247070313,1133.2937280273438,1140.9427676391601,0.013688926576447904
2022-11-10,1168.932861328125,1179.8610058478407,1164.6160741722886,1176.8847111507705,5966242,-0.01209678500929623,-14.3134765625,1168.867954799107,1116.9386678059896,1132.8802294921875,1141.0765902709961,0.012951939365610968
2022-11-11,1195.8785400390625,1197.7869359415272,1175.9759587388326,1181.4286729917058,12310132,0.02305151955461504,26.9456787109375,1175.4858921595983,1120.5064290364583,1133.1905834960937,1141.345594177246,0.013446472110287393
2022-11-14,1190.0850830078125,1200.5134736804264,1183.7689145270133,1195.4015009715274,9043112,-0.004844519604023323,-5.79345703125,1180.2505754743304,1124.8474283854166,1133.0188256835938,1141.6856118774415,0.012320465933902637
2022-11-15,1184.7459716796875,1193.4248592098502,1176.8848651845096,1191.561895358841,7086433,-0.004486327409995772,-5.339111328125,1183.6358468191963,1129.1187540690105,1133.4450512695312,1141.9980288696288,0.012351032969007482
2022-11-16,1177.95263671875,1188.6763362500183,1172.954245151571,1185.972635134196,9716161,-0.0057340013161691905,-6.7933349609375,1183.6098807198662,1132.3691935221354,1134.007138671875,1142.5028244018554,0.011950690499621924
2022-11-17,1180.9971923828125,1187.3359568517499,1172.3409009131724,1174.5901593039591,6661451,0.0025846163667015976,3.0445556640625,1183.1198032924108,1135.8460774739583,1134.2729614257812,1143.0333731079102,0.011889450463727068
2022-11-18,1180.36083984375,1185.518244075579,1168.2966485184213,1184.4957775689334,5303197,-0.0005388264622192551,-0.6363525390625,1182.7075892857142,1138.6398478190104,1134.2802294921876,1143.6403402709961,0.011548000519968089
2022-11-21,1159.1180419921875,1175.9760614312995,1155.5737233322704,1175.9760614312995,6390268,-0.017996867681898454,-21.2427978515625,1181.3054722377233,1140.5907267252603,1133.9998681640625,1144.146188659668,0.012136203384731621
2022-11-22,1165.547607421875,1167.1152613187112,1152.5746494360667,1156.4369938334312,6611488,0.005546946209755266,6.4295654296875,1176.9724818638392,1142.6006673177083,1133.8149291992188,1144.5692568969725,0.012147660885020633
2022-11-23,1161.9124755859375,1171.3866679891707,1159.7313656787815,1170.0688915510787,6413408,-0.003118818839136228,-3.6351318359375,1172.9478236607142,1144.8915771484376,1133.7036010742188,1144.992039489746,0.01194703430049676
2022-11-24,1171.931884765625,1178.702375351731,1157.8910283853108,1165.9792953074673,9389439,0.008623204750973112,10.0194091796875,1171.1172398158483,1148.2419921875,1133.53138671875,1145.453937072754,0.011249509279154614
2022-11-25,1189.426025390625,1192.7430620390162,1173.294924490057,1176.4303522401324,7349922,0.01492760872232668,17.494140625,1172.7562953404017,1151.9127482096353,1133.511845703125,1146.0730545043946,0.011432761557263225
2022-11-28,1230.299072265625,1236.4333911015242,1136.8980043426527,1185.472920181286,31527484,0.03436367289977249,40.873046875,1179.7994210379463,1156.8315795898438,1134.595126953125,1146.9451119995117,0.012761258699782127
2022-11-29,1232.4119873046875,1241.2500078770877,1224.1419904117938,1228.6632233258865,11058913,0.0017173995223547234,2.1129150390625,1187.2352992466517,1162.0041178385416,1135.95376953125,1147.8598916625976,0.012648015012436026
2022-11-30,1241.1136474609375,1247.5206802015884,1226.0504438987869,1232.54834119291,26164986,0.007060674714208792,8.70166015625,1198.9489571707588,1166.8903889973958,1138.0635278320312,1148.7299740600586,0.012471984960142487
2022-12-01,1237.455810546875,1251.8601266305577,1234.1387734132652,1245.862104269674,9485801,-0.0029472215711636718,-3.6578369140625,1209.2215576171875,1171.0109985351562,1140.0705932617188,1149.5196041870117,0.01227581024488812
2022-12-02,1236.9329833984375,1248.679148346858,1227.1407666492871,1240.5000175780488,11589592,-0.00042250167155988283,-0.5228271484375,1219.9387730189733,1174.4681844075521,1142.0635693359375,1150.3121676635742,0.012012733790952275
2022-12-05,1218.8936767578125,1234.4794719283639,1216.871700030192,1232.3210781772725,14828536,-0.014583899760731156,-18.039306640625,1226.6476004464287,1177.2225789388021,1143.6330493164062,1151.0250650024414,0.012434327411904105
2022-12-06,1222.4151611328125,1225.5050364637573,1209.146773966004,1211.0098577338963,8594245,0.0028890824869705067,3.521484375,1231.3603341238838,1180.5336059570313,1145.487890625,1151.8412844848633,0.012149352044970696
2022-12-07,1204.375732421875,1224.5963402295367,1200.5815364526634,1220.0523915216042,8462111,-0.014757203022760623,-18.0394287109375,1227.6569998604912,1183.118359375,1147.405439453125,1152.3874990844727,0.012568785348732634
2022-12-08,1203.8077392578125,1210.9645247591304,1199.6500849785011,1208.6925503476532,7757008,-0.00047160794490630487,-0.5679931640625,1223.5706787109375,1186.2642903645833,1149.8764428710938,1152.942195739746,0.012129620467413539
2022-12-09,1185.5638427734375,1208.6925984914808,1182.2694016212881,1202.3309977712286,12655763,-0.015155157995265012,-18.243896484375,1215.6349923270088,1188.656689453125,1151.8108056640624,1153.3364901733398,0.012560886248676578
2022-12-12,1187.38134765625,1191.8798642806923,1174.6128344148897,1174.8401159938364,9479842,0.0015330299535458725,1.8175048828125,1208.4814976283483,1189.9736735026042,1154.3613305664062,1153.7831253051759,0.01135473827254756
2022-12-13,1192.7886962890625,1196.4237590933476,1184.473147579326,1187.381293975718,8333348,0.004554011770090405,5.4073486328125,1202.1751708984375,1191.11572265625,1157.08498046875,1154.3122805786134,0.01127104412186095
2022-12-14,1188.471923828125,1199.127475241392,1186.4271108317469,1198.5367354613884,7268947,-0.003619058827743382,-4.3167724609375,1197.8292061941963,1192.4130208333333,1159.2456298828124,1154.844535217285,0.01118505096649244
2022-12-15,1171.591064453125,1188.244637773301,1168.2513114103942,1182.564761948623,8688551,-0.014203835224500638,-16.880859375,1190.5686209542412,1192.9083129882813,1161.1436376953125,1155.3262417602539,0.011484223570422098
2022-12-16,1165.7974853515625,1189.9714223850988,1162.412300039899,1168.2513090093973,15837349,-0.0049450523116330025,-5.7935791015625,1185.0574428013392,1193.0665934244792,1162.5286328125,1156.0468814086914,0.011508970364336516
2022-12-19,1181.1107177734375,1183.2463953663826,1166.2973916450521,1172.7952889779006,7729933,0.013135413838413879,15.313232421875,1181.8150111607142,1193.1658040364584,1164.139013671875,1156.7802255249023,0.011443683298602755
2022-12-20,1191.3345947265625,1193.242990634255,1165.9792991040035,1174.1129983269077,7467588,0.008656154583372544,10.223876953125,1182.639404296875,1193.3960327148438,1165.8607177734375,1157.3934866333009,0.011511362562941153
2022-12-21,1174.3856201171875,1196.4237592798247,1170.5687080191292,1190.9710448813423,8527550,-0.014226880243719542,-16.948974609375,1180.7828717912946,1193.100675455729,1167.4847265625,1157.8336837768554,0.011810603558337043
2022-12-22,1171.3411865234375,1183.541675654874,1166.3200787009303,1180.5199485444361,7451122,-0.0025923627994067777,-3.04443359375,1177.7189418247767,1193.1809529622396,1169.4831616210938,1158.3045169067382,0.011605714417300326
2022-12-23,1136.9888916015625,1177.112082738486,1132.4676588679463,1164.7524600759673,10257115,-0.02932731753745743,-34.352294921875,1170.364222935268,1191.2179646809896,1170.6368725585937,1158.723045349121,0.011973128042803658
2022-12-26,1146.9173583984375,1155.0737739248264,1132.5357596211306,1142.6915558359974,5990242,0.008732246084559137,9.928466796875,1166.8394077845983,1189.7790405273438,1171.920537109375,1159.3859701538086,0.01210264405105112
2022-12-27,1156.3006591796875,1158.1636228081527,1142.9186909584178,1149.6210331376262,5763271,0.00818132249245318,9.38330078125,1165.4827183314733,1188.8308634440104,1173.5018334960937,1160.1049835205079,0.012203158299890583
2022-12-28,1156.187255859375,1158.618243480646,1145.7588646322624,1153.2563929529824,7459393,-9.80742503363663e-05,-0.1134033203125,1161.9222237723213,1188.105350748698,1174.735068359375,1160.554849243164,0.012166919532341244
2022-12-29,1155.66455078125,1158.209118855438,1147.5762834083114,1148.2578877514563,6930648,-0.00045209378971788894,-0.522705078125,1156.8265032087054,1187.2609293619792,1175.5716088867186,1160.9157080078126,0.012152565383424421
2022-12-30,1157.4365234375,1170.9775038842033,1154.6647942823151,1156.4823255378853,7289476,0.0015332932511014086,1.77197265625,1154.4052036830358,1186.4967854817708,1176.0559912109375,1161.2698010253907,0.01215911291353723
2023-01-02,1170.477783203125,1171.88642405352,1157.8910002870925,1158.708901395193,5316175,0.011267364992849416,13.041259765625,1154.2818603515625,1186.8754435221354,1176.7403100585936,1161.6444873046876,0.011884599852308901
2023-01-03,1161.9124755859375,1169.160125804233,1157.7093889350726,1165.5476587645308,7658932,-0.007317787436979528,-8.5653076171875,1157.8423723493304,1186.7542724609375,1177.5168725585938,1162.101805419922,0.011924262332871631
2023-01-04,1144.418212890625,1163.7300547153022,1142.3506838068283,1161.8896870062515,9264891,-0.015056437608598983,-17.4942626953125,1157.4853515625,1186.1711303710938,1177.86857421875,1162.381294555664,0.01222606726616133
2023-01-05,1142.3734130859375,1152.5292093307505,1137.8067482537933,1146.6674842652508,13637099,-0.001786759229847168,-2.0447998046875,1155.4957449776787,1185.1858479817708,1178.5274462890625,1162.4731298828126,0.012107310617698293
2023-01-06,1152.7564697265625,1157.777577935928,1144.3047436595773,1148.0989399434065,6349597,0.00908902161209868,10.383056640625,1155.0056326729912,1183.9635294596353,1179.30673828125,1162.6492633056641,0.011891100399192257
2023-01-09,1179.974609375,1182.3375684218504,1155.687212453628,1156.5732620005954,10722753,0.023611352755967374,27.2181396484375,1158.4784981863838,1182.2860473632813,1179.9487939453124,1162.817120361328,0.010910865483006611
2023-01-10,1162.5260009765625,1184.1552520379166,1156.8915568565494,1184.1552520379166,8047142,-0.01478727445472705,-17.4486083984375,1159.20556640625,1179.9565144856772,1180.02876953125,1162.8795050048827,0.011164878473193616
2023-01-11,1147.871826171875,1162.3442913861395,1145.5770152034006,1159.8451553432185,11509553,-0.012605459828319954,-14.6541748046875,1155.9761439732142,1176.8484537760417,1179.995146484375,1162.7792810058593,0.011198903490069564
2023-01-12,1123.0843505859375,1150.7570549852321,1120.0853394706564,1147.2810049505638,17688773,-0.02159428868343527,-24.7874755859375,1150.4292689732142,1173.0360717773438,1179.3221875,1162.5161688232422,0.011727348081381983
2023-01-13,1121.266845703125,1123.675117069892,1106.2717897707075,1117.0863548772086,20618583,-0.0016183155627307322,-1.8175048828125,1147.1219308035713,1169.1805338541667,1178.52654296875,1162.1848614501953,0.011719750013272811
2023-01-16,1110.5885009765625,1126.7421991055548,1102.8182596793808,1123.584175159578,13623855,-0.009523464256063208,-10.6783447265625,1142.5812290736608,1165.570361328125,1177.175625,1161.7988049316407,0.011585913992225968
2023-01-17,1126.3560791015625,1128.2644751675343,1113.5421334042796,1116.9046027544262,10751000,0.014197498093249994,15.767578125,1138.8097446986608,1162.3683919270834,1176.0141918945312,1161.377449951172,0.011963016986481148
2023-01-18,1124.492919921875,1131.9450149571076,1117.9724269094495,1123.947732620178,13448286,-0.0016541475775349035,-1.8631591796875,1130.8837890625,1159.7056315104167,1174.8391235351562,1161.0332873535156,0.011743101984544767
2023-01-19,1123.2889404296875,1127.4238787769261,1116.2911675478767,1123.6751148013898,11940054,-0.0010706865920251385,-1.2039794921875,1125.2784946986608,1157.0216715494792,1173.9262451171876,1160.635322265625,0.011740538634880022
2023-01-20,1109.9296875,1124.6293134044963,1107.475983857866,1124.6293134044963,14930286,-0.011892980023979649,-13.3592529296875,1119.858189174107,1154.5005330403646,1172.2072680664062,1160.1527838134766,0.011631376904049405
2023-01-23,1104.31787109375,1120.630703944606,1101.9095996617807,1112.8151498129876,10954118,-0.00505601072703088,-5.61181640625,1117.1772635323662,1151.7317504882812,1170.491923828125,1159.7274475097656,0.011622041481011392
2023-01-24,1097.7972412109375,1110.3839043654414,1084.8014472016187,1108.7253859560433,16488755,-0.005904667535946206,-6.5206298828125,1113.824462890625,1148.5653686523438,1168.75294921875,1159.2853601074219,0.01156455381242552
2023-01-25,1082.6202392578125,1097.2291180769223,1081.4615961665293,1096.2067717974144,12385018,-0.013824959093888589,-15.177001953125,1109.8289969308037,1145.0369791666667,1166.8463012695313,1158.87201171875,0.011741356889654983
2023-01-27,1062.081787109375,1084.8015319770323,1050.403768536496,1083.4611595770739,25830975,-0.018971058736642066,-20.5384521484375,1100.6469552176338,1141.386669921875,1164.4679931640626,1158.2590466308593,0.011928457502718688
2023-01-30,1072.2603759765625,1077.7812395145372,1045.564583725004,1059.5145777715713,21772103,0.009583620574918461,10.1785888671875,1093.1851632254463,1138.2687662760416,1162.3059838867186,1157.7093170166015,0.012147938664382709
2023-01-31,1069.5792236328125,1084.9378563899695,1063.7402148448057,1082.370452122445,22691594,-0.0025004676138555837,-2.68115234375,1085.5123465401787,1134.5510498046874,1160.5152075195313,1157.2574853515625,0.01177422746702742
2023-02-01,1063.2406005859375,1081.4391134749721,1047.382090519888,1081.4391134749721,19347800,-0.005926277275044578,-6.338623046875,1078.8424769810267,1130.28125,1158.4690673828125,1156.7952478027344,0.011565607412432328
2023-02-02,1057.3560791015625,1066.9210156997124,1050.1084290116537,1053.2891691648742,13662663,-0.005534515406138696,-5.884521484375,1072.1336495535713,1126.380265299479,1156.377939453125,1156.3212524414062,0.011401012845988157
2023-02-03,1058.28759765625,1067.3754956611733,1041.9293331709027,1067.3754956611733,24699575,0.0008809885081277891,0.9315185546875,1066.4894147600446,1122.6118123372396,1154.1050537109375,1155.632362060547,0.011427417872435622
2023-02-06,1050.3128662109375,1054.6523697762398,1047.7455820077842,1051.9259524136774,14837879,-0.007535504963843365,-7.9747314453125,1061.8740757533483,1119.7226114908854,1151.3227905273438,1154.7277526855469,0.010359567757012354
2023-02-07,1047.7908935546875,1057.5603943899198,1041.9291690153093,1050.5627428744976,15135435,-0.0024011632508589287,-2.52197265625,1059.83251953125,1116.4183959960938,1147.672626953125,1153.6663922119142,0.01013709119913112
2023-02-08,1068.7159423828125,1072.3284093286718,1048.290888887822,1051.017186057536,21160332,0.01997063436687796,20.925048828125,1059.326171875,1113.498905436198,1144.3987060546874,1152.7624212646485,0.010791255581232543
2023-02-09,1070.578857421875,1077.3039157739506,1060.559478401166,1069.3974980927496,13172763,0.0017431339471822849,1.8629150390625,1059.4689767020088,1110.6452921549478,1140.9880102539062,1152.0122467041015,0.010810993001097452
2023-02-10,1061.763671875,1070.0563840638993,1054.7886158361225,1070.0563840638993,10790445,-0.008234036648270271,-8.815185546875,1059.2579868861608,1107.515262858073,1137.4741674804689,1151.035357055664,0.01085332440270473
2023-02-13,1055.7203369140625,1067.8299624778901,1051.2672523692866,1063.3768779331142,10352493,-0.005691789162710181,-6.0433349609375,1059.0243094308037,1104.1247233072916,1133.8499145507812,1150.0221356201173,0.010834826252369024
2023-02-14,1080.598388671875,1082.3250555378218,1055.8565481440585,1058.7192622894795,14321920,0.023565001911900918,24.8780517578125,1062.2115652901787,1101.1287434895833,1131.0840087890624,1149.0393243408203,0.01159909228518631
2023-02-15,1105.0675048828125,1107.4531801088635,1078.2809718116707,1079.6440602664363,33503591,0.022644042844642387,24.4691162109375,1070.033656529018,1099.2339111328124,1128.7370556640626,1148.2458898925781,0.012437989324588195
2023-02-16,1104.2042236328125,1119.5401413378127,1101.9322491792432,1113.019527781497,17264487,-0.0007812022760469439,-0.86328125,1078.0927036830358,1097.8934448242187,1126.7336254882812,1147.4703326416015,0.012175577978403773
2023-02-17,1108.8162841796875,1112.1334412904273,1095.3661670147737,1099.6375221146495,11809520,0.00417681842558193,4.612060546875,1083.821323939732,1096.7748738606772,1124.8337963867189,1146.9144018554687,0.0122129473221236
2023-02-20,1097.093017578125,1113.1558521216361,1095.1390690194628,1110.9974583087273,8836937,-0.010572776364152547,-11.7232666015625,1087.6090611049108,1094.9194254557292,1123.0643798828125,1146.4193127441406,0.012184749163189007
2023-02-21,1106.044677734375,1111.8154187780797,1096.1614739086865,1101.4552961916092,13311592,0.008159435902719725,8.95166015625,1093.9349190848213,1092.4550944010416,1121.437646484375,1146.0148388671876,0.011383538788290721
2023-02-22,1080.9619140625,1104.1815344089787,1079.212530949885,1102.3412867389513,11024335,-0.022677893738664023,-25.082763671875,1097.5408586774554,1089.7362915039062,1119.2011108398438,1145.7167321777345,0.011771528193633913
2023-02-23,1075.78173828125,1088.1640768500556,1072.9872927091903,1080.5529686414243,9851910,-0.004792190838418864,-5.18017578125,1096.8527657645088,1087.3332885742188,1116.9473071289062,1145.4915747070313,0.011622408093344893
2023-02-24,1083.142822265625,1088.8001014405165,1076.0088741166164,1077.8264053087537,9434053,0.006842544098336845,7.361083984375,1093.720668247768,1086.001904296875,1115.1783422851563,1145.360629272461,0.011126248588531866
2023-02-27,1075.9407958984375,1085.8467152410444,1068.6024012348664,1082.3705449963543,11199715,-0.006649193642000895,-7.2020263671875,1089.6830357142858,1084.491035970052,1113.3812084960937,1145.3066766357422,0.01117142349483528
2023-02-28,1055.356689453125,1075.55458156191,1051.3126158801917,1070.6016220746747,21994038,-0.019131263099029794,-20.5841064453125,1082.0459507533483,1082.6499755859375,1110.8661279296875,1145.0882067871094,0.01154630219211809
2023-03-01,1065.0579833984375,1065.7850199744744,1055.6746563210354,1065.1034156724897,11551145,0.009192431376295662,9.7012939453125,1077.469517299107,1080.6067057291666,1108.340595703125,1144.9168841552735,0.011344039350334761
2023-03-02,1056.9471435546875,1068.57973034707,1054.925046511839,1061.9228195758383,9333535,-0.007615397443310634,-8.11083984375,1070.4555838448662,1078.3551798502604,1105.991826171875,1144.4741333007812,0.011393472299489775
2023-03-03,1083.91552734375,1087.573426851757,1063.9903475271667,1067.44368158329,14643807,0.0255153570862241,26.9683837890625,1070.8775285993304,1077.0427327473958,1104.2433129882813,1144.1453900146485,0.012452953287182343
2023-03-06,1094.5028076171875,1101.7277412564927,1090.5495987349282,1090.5495987349282,10171916,0.009767624880679282,10.5872802734375,1073.551967075893,1076.5285034179688,1103.3935913085938,1144.0020617675782,0.012434363290824344
2023-03-08,1098.4334716796875,1099.1832244435238,1083.7337262043,1094.5028585607813,15782657,0.003591278190557823,3.9306640625,1075.7363455636162,1076.3323567708333,1102.4239135742187,1143.5509265136718,0.012422738581408726
2023-03-09,1072.032958984375,1098.2288726400263,1070.147279158801,1097.8199821583767,16235128,-0.02403469429508709,-26.4005126953125,1075.1780831473213,1075.4735473632813,1100.7385595703124,1143.0075323486328,0.013135228641006205
2023-03-10,1055.4248046875,1065.1034417835135,1051.9486346812796,1063.967514713159,13334091,-0.015492204934267395,-16.608154296875,1075.1878138950892,1074.567032877604,1098.723310546875,1142.360830078125,0.01319602603610625
2023-03-13,1038.0670166015625,1065.1035499544928,1033.7502288751577,1058.2876262665352,12771592,-0.016446257477411574,-17.3577880859375,1071.3319614955358,1073.7665405273438,1096.3713598632812,1141.6360571289063,0.01308347182718785
2023-03-14,1034.181884765625,1047.3592882483779,1031.0465769110588,1036.0221323528851,16027522,-0.003742659937945758,-3.8851318359375,1068.0797816685267,1072.4972574869792,1093.9062670898438,1140.9482470703124,0.012948535299617214
2023-03-15,1016.505859375,1044.3375763114452,1012.1209234658597,1037.885231401589,21728555,-0.017091795602889426,-17.676025390625,1058.4498291015625,1070.728145345052,1090.8268286132814,1140.1992315673829,0.013272035548066436
2023-03-16,1011.4393310546875,1024.207844384365,1000.6701985245505,1019.2095726723305,18363159,-0.004984258844732747,-5.0665283203125,1046.5836181640625,1069.0014363606772,1087.8173657226562,1139.2217492675782,0.013262582560598653
2023-03-17,1010.1670532226562,1023.2763079373278,1005.4413153341551,1020.0047033408911,34014213,-0.0012578884298523052,-1.27227783203125,1033.974129813058,1067.4284688313803,1085.132342529297,1138.3107125854492,0.013241563555637957
2023-03-20,1000.2384643554688,1008.7583980790381,990.5825434751304,1006.4864237654998,19524589,-0.009828660354258334,-9.9285888671875,1023.7177734375,1065.493497721354,1082.2896435546875,1137.3481079101562,0.013321067309281285
2023-03-21,1031.341796875,1033.2957451749278,1007.3951430408976,1008.2811925498517,21400360,0.03109591725166605,31.10333251953125,1020.27734375,1064.8611287434896,1079.8613500976562,1136.335394897461,0.014556713101812476
2023-03-22,1034.4771728515625,1041.2249475152355,1031.47816188993,1038.294084967167,10920094,0.003040093968908142,3.1353759765625,1019.7645089285714,1064.4173380533855,1076.9514013671876,1135.213353881836,0.014566172868588205
2023-03-23,1021.3906860351562,1031.4327819622354,1019.2322922558061,1030.5694484887376,16249370,-0.012650338895669466,-13.08648681640625,1017.9371948242188,1062.8398295084635,1074.1286950683593,1134.0529415893554,0.01421221453105752
2023-03-24,1001.1699829101562,1022.3902814688943,998.7617116838695,1020.231887763167,12375945,-0.019797226860852724,-20.220703125,1015.746355329241,1060.5262003580729,1071.194658203125,1132.7796508789063,0.014586539866140436
2023-03-27,1016.7329711914062,1024.207782359069,999.7613722312702,1007.6224178329715,14054323,0.015544801129586672,15.56298828125,1016.5025896344866,1059.0251770019531,1069.0676306152343,1131.694460144043,0.014886361431631332
2023-03-28,1021.4815673828125,1025.3439120336418,1016.4831753805086,1020.1183586375283,12576424,0.004670445757101627,4.74859619140625,1018.1189488002232,1057.8838846842448,1067.0719250488282,1130.4638473510743,0.014902036049510188
2023-03-29,1015.4381103515625,1020.0274916428302,1004.71434981678,1017.391938716083,18804065,-0.005916364253869211,-6.04345703125,1020.2903267996652,1055.711875406901,1065.168917236328,1129.3943759155272,0.014181483906745508
2023-03-31,1059.2191162109375,1064.8536804760474,1024.5260415402947,1024.6623383806666,28171201,0.043115385775916115,43.781005859375,1024.2728009905134,1054.1835957845053,1063.8261779785157,1128.6600967407226,0.015806325210471508
2023-04-03,1059.40087890625,1067.3755664241319,1051.9260666767912,1065.5580347791372,10293043,0.00017160065611609987,0.1817626953125,1027.8333304268974,1052.6901509602865,1062.524337158203,1128.00553314209,0.015808343397082588
2023-04-05,1056.856201171875,1066.9210129823457,1048.995215362799,1066.9210129823457,16262928,-0.002401997001363787,-2.544677734375,1032.8998325892858,1050.9581481933594,1061.1956823730468,1127.4102597045899,0.015775921796618558
2023-04-06,1063.9447021484375,1069.6474143387793,1053.3572991214214,1053.3572991214214,18435046,0.006707157481502746,7.0885009765625,1041.8676496233259,1049.853204345703,1060.2759826660156,1126.9326339721679,0.015747886371054308
2023-04-10,1056.4017333984375,1068.0116029231133,1054.9022279148219,1067.829873819937,12961408,-0.007089624803590211,-7.54296875,1047.5346156529017,1048.1984395345053,1059.3176599121093,1126.3493557739257,0.0156912791151634
2023-04-11,1061.6273193359375,1063.7402807994256,1056.0383079017138,1060.559540630498,10542367,0.0049465897037950235,5.2255859375,1053.2697230747767,1047.5539530436197,1058.5942614746093,1125.898526916504,0.015203221304239742
2023-04-12,1066.3076171875,1075.9179854968688,1058.7646577412916,1061.6272515959452,18179087,0.004408607207367465,4.6802978515625,1060.5367954799108,1047.2381490071614,1058.268009033203,1125.3781387329102,0.015206258510091815
2023-04-13,1070.3291015625,1075.0093475188144,1064.1947822733791,1069.1930541875877,12378208,0.00377141109205148,4.021484375,1062.1239362444196,1046.8110249837239,1058.4329553222656,1125.055627746582,0.015167612045648503
2023-04-17,1075.759033203125,1101.8867990924884,1067.3981721567704,1101.8867990924884,17929479,0.005073142113671603,5.429931640625,1064.4608154296875,1046.8049662272135,1058.502928466797,1124.8523233032226,0.015149024807278578
2023-04-18,1063.4449462890625,1080.0985197030036,1056.9243329412964,1080.0985197030036,10405576,-0.011446882186428642,-12.3140869140625,1065.402064732143,1047.0745747884114,1058.3802429199218,1124.507960510254,0.014875053278760852
2023-04-19,1068.7386474609375,1071.4195123263064,1059.741614492453,1062.8542061722762,12273475,0.004977879852029687,5.293701171875,1066.0869140625,1047.1972635904947,1058.4902038574219,1124.206824645996,0.01480851847247943
2023-04-20,1066.034912109375,1071.9193532094926,1059.6961482625013,1069.692811176778,7007330,-0.0025298377278542006,-2.7037353515625,1067.4630824497767,1047.5001892089845,1058.663780517578,1123.8127963256836,0.014744701053371272
2023-04-21,1067.37548828125,1072.8282030082607,1061.6500596936005,1068.1252410633845,7647317,0.0012575349612353737,1.340576171875,1068.2842494419642,1046.9488545735678,1058.8455383300782,1123.3066928100586,0.013963761859821573
2023-04-24,1071.465087890625,1081.8706418346944,1066.9210188410907,1079.1897769115358,12936186,0.0038314535552623763,4.089599609375,1069.021030970982,1046.1809305826823,1059.268582763672,1122.785935974121,0.013856078778362304
2023-04-25,1079.666748046875,1081.7342770992536,1068.0569991057368,1075.1000833366595,9236126,0.007654621927436267,8.20166015625,1070.35498046875,1045.5553731282553,1059.9060998535156,1122.7295529174805,0.013918352698377778
2023-04-26,1073.328125,1084.2336751201349,1069.6702254865136,1081.0073822687018,8617834,-0.0058709069797153735,-6.338623046875,1070.0077078683037,1045.598545328776,1059.9983435058593,1122.6301541137695,0.013236821512662405
2023-04-27,1080.1212158203125,1083.2792397187284,1074.191342363561,1079.189733985385,9167125,0.0063289973141367195,6.7930908203125,1072.3900320870537,1046.4217590332032,1060.189190673828,1122.5204476928711,0.01294544817192423
2023-04-28,1099.8646240234375,1101.409681900637,1082.2568535921685,1082.3704342762564,15565210,0.01827888195690197,19.743408203125,1076.8366001674108,1048.4816792805989,1060.951209716797,1122.5579208374024,0.012897835074488405
2023-05-02,1109.2025146484375,1111.3609082117491,1103.3180737047812,1106.9986888116582,12981805,0.008490036338145712,9.337890625,1083.0034005301338,1050.9823669433595,1062.0208532714844,1122.6958670043946,0.012903097481159751
2023-05-03,1099.682861328125,1110.997299985596,1096.4794053699195,1110.997299985596,7061872,-0.008582430344858838,-9.5196533203125,1087.6187395368304,1053.7549336751301,1062.4025427246095,1122.7787411499023,0.012548107289145481
2023-05-04,1112.360595703125,1114.564421653396,1097.1838117593734,1100.1601065895743,8635233,0.011528536836237224,12.677734375,1093.4609549386162,1057.1189758300782,1062.5484045410155,1122.8514053344727,0.012561561627586272
2023-05-05,1109.5205078125,1118.4266754436653,1106.9077915916328,1109.1797657715506,8746585,-0.0025532079269939834,-2.840087890625,1097.7257777622767,1060.4307576497397,1062.6547302246095,1122.917682800293,0.012579806106893755
2023-05-08,1123.220703125,1128.5598368262858,1110.6112034431017,1113.269352129285,9153782,0.012347852262335257,13.7001953125,1104.8532889229912,1064.530165608724,1062.9428186035157,1123.1496115112304,0.0124381289777721
2023-05-09,1126.69677734375,1129.9912183396398,1119.290114376559,1124.6292481933926,6464721,0.0030947383796247063,3.47607421875,1111.5069405691963,1067.7086649576822,1063.534893798828,1123.354535217285,0.011332006759263727
2023-05-10,1134.4443359375,1135.9211253467272,1127.446563252221,1131.4453248412979,10872255,0.006876347522725146,7.74755859375,1116.4468994140625,1071.0409037272136,1064.1028869628906,1123.5876657104493,0.011353942496792998
2023-05-11,1127.03759765625,1140.3058651251242,1125.3335267806174,1135.51203899488,10557860,-0.006528956993847701,-7.40673828125,1118.9947684151787,1074.5624674479166,1065.0244006347657,1123.7374520874023,0.011112804041719519
2023-05-12,1128.8778076171875,1130.2637323324755,1116.2228762779578,1122.2663301444138,6955341,0.0016327848909072351,1.8402099609375,1123.1654750279017,1078.819394938151,1066.0863220214844,1123.8628085327148,0.01022739149201392
2023-05-15,1131.1044921875,1138.0567125858797,1123.7886933664054,1131.3999221918086,6833343,0.00197247616640861,2.2266845703125,1125.8431745256696,1082.6317789713542,1067.0455554199218,1123.8500637817383,0.009999470814977261
2023-05-16,1114.99609375,1135.8073202110538,1113.3374551908087,1133.2627523170945,8717229,-0.014241300029095627,-16.1083984375,1126.6254010881696,1085.7489298502603,1067.826661376953,1123.79459564209,0.010513062618725592
2023-05-17,1108.4073486328125,1120.0852459817609,1103.7271032383842,1119.1764803056624,8798967,-0.005909209148014072,-6.5887451171875,1124.5092075892858,1088.8479044596354,1068.8876745605469,1123.6681381225585,0.010512853986505828
2023-05-18,1106.0218505859375,1116.4502407386783,1102.8864225456616,1113.0649351771951,10525531,-0.002152185340360102,-2.385498046875,1121.5556466238838,1090.4079956054688,1069.7069519042968,1123.7170352172852,0.007315551167429408
2023-05-19,1109.611572265625,1111.4292240517473,1099.1150328365684,1106.0219413561279,8050447,0.003245615516353384,3.5897216796875,1118.0081089564733,1092.0816853841145,1070.7602404785157,1123.781389465332,0.0073182926571748585
2023-05-22,1115.541259765625,1120.539651102296,1105.2492875108546,1106.4533629289124,7434906,0.0053439308386922235,5.9296875,1116.3657749720983,1094.0378540039062,1071.392755126953,1123.8806008911133,0.007309939545102055
2023-05-23,1115.3367919921875,1121.4483940779485,1113.9281511842048,1118.1086413363598,6092034,-0.00018329019356977394,-0.2044677734375,1114.4313441685267,1095.7509236653646,1071.8094348144532,1123.8929611206054,0.007259450011707473
2023-05-24,1108.8388671875,1119.630834331706,1105.748992019405,1111.4062712432678,8112254,-0.005825975482330326,-6.4979248046875,1111.2505405970983,1097.498828125,1072.0175427246095,1123.7542813110351,0.007210799728006748
2023-05-25,1108.70263671875,1112.8149786046417,1097.842640709934,1105.9536236071287,11487863,-0.00012285867025529917,-0.13623046875,1110.3514753069196,1099.0680053710937,1072.7509362792969,1123.4668154907226,0.00719003964223983
2023-05-26,1138.9427490234375,1140.0786760550607,1113.6101699812016,1116.9044905832286,12626260,0.02727522358401191,30.2401123046875,1114.7136753627233,1101.4891764322917,1074.4212951660156,1123.3083572387695,0.008588173122502473
2023-05-29,1145.3497314453125,1149.6210865747194,1139.2608448772517,1145.5314605509366,10010304,0.0056253770677836545,6.406982421875,1120.3319440569196,1103.989864095052,1076.5669494628905,1123.1327932739257,0.008606265279256736
2023-05-30,1145.0543212890625,1153.1198717474913,1142.50963326853,1145.3496310598186,11342504,-0.00025792135636792946,-0.29541015625,1125.3951939174108,1106.29970703125,1078.7843981933593,1123.033766784668,0.008601988335166526
2023-05-31,1122.3118896484375,1140.4650896335454,1118.2678159183406,1135.9892890678166,27107927,-0.019861443442283466,-22.742431640625,1126.3624267578125,1108.2619384765626,1080.9005187988282,1122.906856994629,0.009177505032212487
2023-06-01,1119.2900390625,1129.1278089205925,1116.9044841377781,1126.9694153626442,14592692,-0.0026925230088082897,-3.0218505859375,1126.9271763392858,1109.9469848632812,1083.0575329589844,1122.6897665405274,0.009193848014067831
2023-06-02,1115.6322021484375,1128.1962696801756,1113.7238061790024,1122.8117036497752,15800644,-0.0032679973790584738,-3.6578369140625,1127.8976527622767,1111.6002278645833,1085.1668359375,1122.4196255493164,0.009206212498865706
2023-06-05,1125.6517333984375,1128.6053121788445,1117.1090229973545,1121.085068396339,10908682,0.008981034458045212,10.01953125,1130.3189522879463,1113.5427693684896,1087.6751013183593,1122.1801065063476,0.00930498909582676
2023-06-06,1126.6058349609375,1130.4000307352399,1118.7221336360576,1128.4689187387335,7493309,0.0008475992477881,0.9541015625,1128.5565359933037,1115.3807942708333,1089.5803820800782,1121.8504721069337,0.009298639819011299
2023-06-07,1135.148681640625,1135.9892989888378,1123.5388113588674,1130.0821412207565,10312545,0.007582817711913936,8.5428466796875,1127.0992431640625,1117.2301920572916,1091.5938122558593,1121.5221096801758,0.009297067558411603
2023-06-08,1135.8302001953125,1143.6458744813403,1131.8997070078415,1138.7156307485393,12071109,0.0006003782286057024,0.6815185546875,1125.7815115792412,1119.313594563802,1093.8826025390624,1121.1657894897462,0.009189479852544372
2023-06-09,1127.7872314453125,1139.8741383055774,1125.9922962095304,1139.1698179304815,5877018,-0.007081136554228817,-8.04296875,1126.5637032645088,1120.902461751302,1096.4149475097656,1120.7583090209962,0.009293640446455382
2023-06-12,1128.7869873046875,1131.0816777652867,1120.0852643496842,1124.8564945620458,6391969,0.0008864755970803273,0.999755859375,1127.92041015625,1121.8665405273437,1098.6560278320312,1120.4636337280274,0.008735422826892688
2023-06-13,1145.46337890625,1146.6448585440896,1129.741286337972,1133.7173319025067,11248016,0.01477372771755836,16.6763916015625,1132.1820068359375,1123.0752360026042,1101.1356640625,1120.2688119506836,0.008995107104024283
2023-06-14,1159.549560546875,1160.9809175855808,1143.7138887627082,1145.5314201372407,13277380,0.012297365328322707,14.086181640625,1137.0245535714287,1125.0707926432292,1104.0178930664063,1120.0530868530273,0.009026880372186288
2023-06-15,1159.86767578125,1164.4116242878063,1152.1201510303479,1159.5268135380984,11813494,0.0002743438014196631,0.318115234375,1141.7762451171875,1126.6543619791667,1106.0308642578125,1119.8549703979493,0.008840911138914923
2023-06-16,1171.1595458984375,1173.431520437393,1163.3438717544047,1163.3438717544047,24171579,0.0097354813423709,11.2918701171875,1146.920654296875,1128.7089965820312,1108.2660375976564,1119.7308065795899,0.00893405982006783
2023-06-19,1159.5269775390625,1174.1585755296505,1155.369322961202,1174.1585755296505,6798554,-0.009932522345152628,-11.632568359375,1150.305908203125,1129.9192057291666,1110.319453125,1119.5804025268556,0.00895667276929209
2023-06-20,1161.9351806640625,1165.070488566,1151.893084884151,1157.5957972211602,6921096,0.0020768840843281566,2.408203125,1155.1841866629463,1131.093819173177,1112.2792626953126,1119.4882742309571,0.008950780404314256
2023-06-21,1165.2069091796875,1167.728761153971,1157.800246036839,1161.889751966922,6961603,0.0028157582024113115,3.271728515625,1160.3870326450892,1132.11923828125,1114.4553662109374,1119.3209439086913,0.008890380248833417
2023-06-22,1152.1202392578125,1169.296404389101,1150.52986917785,1161.4354185434336,7619166,-0.011231198355224348,-13.086669921875,1161.3380126953125,1132.9553263346354,1116.265224609375,1119.2643716430664,0.009066139654208992
2023-06-23,1142.691650390625,1151.1660925456156,1141.4420223330224,1149.1212794125972,6628570,-0.008183684780384892,-9.4285888671875,1158.9297398158483,1133.4157877604166,1117.7929052734376,1119.2285885620117,0.009210066119603025
2023-06-26,1133.9671630859375,1142.9869124040958,1130.8545713330911,1139.1700001634836,12641159,-0.0076350319893429,-8.7244873046875,1155.2296665736608,1133.511210123698,1119.0656665039062,1119.059894104004,0.009321531549364893
2023-06-27,1134.376220703125,1140.305974461151,1129.9231362063101,1134.4216529822017,9689466,0.0003607314484084245,0.4090576171875,1149.9749058314733,1134.1572143554688,1120.2380102539062,1118.8317880249024,0.008917944723657726
2023-06-28,1149.3939208984375,1153.1881169201986,1135.0122016455275,1141.896393407388,11354006,0.013238729727606646,15.0177001953125,1148.5273263113838,1135.5234334309896,1121.9569897460938,1118.7130770874023,0.009118031011492264
2023-06-30,1158.8226318359375,1161.7307784588775,1151.1888070463274,1157.0732487107562,11151555,0.008203202371324547,9.4287109375,1148.0826764787946,1137.2834594726562,1123.7586694335937,1118.6332174682618,0.009180546556765867
2023-07-03,1188.5628662109375,1191.425580555085,1161.1400387375704,1162.3669506539804,12154387,0.025664181521793505,29.740234375,1151.4192417689733,1139.9151692708333,1126.209228515625,1118.7386373901368,0.010177697199051507
2023-07-04,1176.31689453125,1192.7887391966194,1169.2736896643748,1192.7887391966194,8061643,-0.010303175395952602,-12.2459716796875,1154.8759068080358,1141.941023763021,1128.388056640625,1118.7175088500976,0.010416759722404422
2023-07-05,1174.3856201171875,1185.5183304828597,1170.432411192628,1185.5183304828597,10248062,-0.0016417977358321734,-1.9312744140625,1159.4036167689733,1143.909318033854,1130.4464672851564,1118.6374215698243,0.010429836944353196
2023-07-06,1199.03662109375,1201.6266214253383,1170.546016490242,1170.546016490242,19117987,0.02099055076483536,24.6510009765625,1168.699253627232,1146.915909830729,1132.8338647460937,1118.7519296264647,0.01089485941420052
2023-07-07,1196.6964111328125,1210.9417123971473,1194.15172307179,1197.3325831480681,13375267,-0.0019517418565604405,-2.3402099609375,1177.6021379743304,1149.8490356445313,1135.30123046875,1118.9130123901368,0.010916106265822591
2023-07-10,1242.7947998046875,1252.3144236363512,1215.508392547687,1221.8244401255106,33240016,0.038521372875379045,46.098388671875,1190.9451206752233,1153.310770670573,1138.5547021484374,1119.4488577270508,0.011937769956874195
2023-07-11,1256.267578125,1258.6758491021378,1243.9535094175255,1250.905728718348,20069348,0.010840710246317276,13.4727783203125,1204.8658272879463,1157.0080322265626,1141.6827612304687,1120.0446829223633,0.012015326166304864
2023-07-12,1257.6536865234375,1273.2167658916628,1254.8818367760516,1256.9947982953927,18733835,0.0011033544306748855,1.3861083984375,1214.7359444754463,1160.7613444010417,1144.6517846679687,1120.646530456543,0.01200455828033627
2023-07-13,1246.4073486328125,1271.8535100977601,1243.794632147719,1264.992154591986,14682934,-0.00894231695985681,-11.246337890625,1224.7488664899554,1164.897859700521,1147.5862744140625,1121.1764688110352,0.01143315738954051
2023-07-14,1245.3621826171875,1254.5409440468316,1238.2735461254954,1249.5879849572364,15124144,-0.0008385428862974775,-1.045166015625,1234.8883754185267,1169.1002644856771,1150.2463061523438,1121.7549142456055,0.011403142107078967
2023-07-17,1270.8084716796875,1279.1466167196916,1239.5914489485467,1248.225023984058,22220040,0.02043284228289588,25.4462890625,1245.1414969308037,1174.2728068033855,1153.4720654296875,1122.5664651489258,0.011725491673597358
2023-07-18,1281.600341796875,1289.3250310279557,1269.127138140066,1280.0326878114854,25867313,0.008492129504710899,10.7918701171875,1257.2706298828125,1179.47109375,1156.639658203125,1123.5731790161133,0.011719266523374443
2023-07-19,1291.3243408203125,1297.7540895736324,1270.944719940005,1285.9397747939042,39122156,0.007587387976039306,9.7239990234375,1264.2034214564733,1184.9617106119792,1159.9322094726563,1124.5855722045899,0.011713419785417388
2023-07-20,1289.7606201171875,1295.2251136644823,1270.1422890108254,1270.1422890108254,38717624,-0.0012109434118864337,-1.563720703125,1268.9881417410713,1190.1154418945312,1163.03853515625,1125.7350997924805,0.011746821000824643
2023-07-21,1249.834716796875,1287.3235564344566,1242.3763715855305,1284.4190157057792,30249238,-0.030956057036913398,-39.9259033203125,1267.8711460658483,1193.9155924479167,1165.4944775390625,1126.7012423706055,0.013390346462476692
2023-07-24,1224.554931640625,1238.1179088392782,1215.6443158350814,1221.4042392370138,23727866,-0.020226502605910968,-25.27978515625,1264.7493722098213,1197.141182454427,1167.4080200195312,1127.4218197631835,0.013944682762429583
2023-07-25,1223.767333984375,1233.3179681079685,1220.9119513502328,1227.8041962368873,12026020,-0.0006431705396791054,-0.78759765625,1261.6643938337054,1200.3071940104167,1169.2612768554689,1128.1572030639647,0.013954870145227711
2023-07-26,1243.65625,1253.8961800235134,1223.3733833366434,1223.3733833366434,12911012,0.016252203718226443,19.888916015625,1257.7855050223213,1203.5802897135416,1171.8344799804688,1128.892745666504,0.014001183162785454
2023-07-27,1232.087158203125,1249.2931304965796,1226.0072859774648,1247.5209111436616,17226898,-0.009302483541473006,-11.569091796875,1250.712193080357,1205.9982096354167,1174.308076171875,1129.5502230834961,0.014053338684271182
2023-07-28,1244.4686279296875,1251.853175548335,1231.0287272255082,1236.6902137331379,20827852,0.010049183326137134,12.3814697265625,1244.018519810268,1208.818241373698,1177.07701171875,1130.2463192749024,0.014122225288627348
2023-07-31,1255.00390625,1257.2930680054526,1239.594792375287,1244.4686660676819,8551174,0.008465684135275486,10.5352783203125,1239.0532749720983,1211.6130533854166,1179.9848583984376,1131.0554129028321,0.014101510379000164
2023-08-01,1237.25634765625,1259.803857697837,1233.3672005487501,1257.8346449464532,9536632,-0.014141436935268481,-17.74755859375,1237.2563650948662,1214.204032389323,1182.41916015625,1131.8845974731446,0.01424864137160816
2023-08-02,1224.0380859375,1236.665614699006,1212.8381883521488,1235.2871417271826,12748214,-0.010683527099125012,-13.21826171875,1237.1825299944196,1216.2741292317708,1184.5931860351564,1132.6082711791992,0.014443513358326148
2023-08-03,1218.8934326171875,1231.201012494138,1210.1058926997707,1218.5981228148664,10168350,-0.004203017356581795,-5.1446533203125,1236.4862583705358,1218.0636800130208,1186.79427734375,1133.2890676879883,0.014483911026479555
2023-08-04,1235.45947265625,1238.6348041373592,1216.776590964359,1230.1672134573323,22885610,0.013591048729741928,16.5660400390625,1235.3152901785713,1220.8416544596355,1189.3294140625,1134.0801858520508,0.014434341270195302
2023-08-07,1242.4996337890625,1244.739517474421,1233.219669239453,1241.096521418228,5982870,0.005698415276768287,7.0401611328125,1236.8027866908483,1224.1685872395833,1191.4005517578125,1134.8200564575195,0.014304251659302233
2023-08-08,1235.0162353515625,1247.7176805176769,1230.5363488514104,1244.5423492739476,9844072,-0.0060228576604719475,-7.4833984375,1235.4524448939733,1227.5368896484374,1193.1938818359374,1135.425950012207,0.014266310582117258
2023-08-09,1243.1639404296875,1245.034716513302,1221.453442754676,1233.1456430382627,11486586,0.0065972453194558245,8.147705078125,1233.761021205357,1231.1631469726562,1195.15607421875,1135.9756826782227,0.014272754441025784
2023-08-10,1248.702392578125,1255.3731247892663,1234.9179033647526,1243.0409059369185,15470598,0.004455126124816022,5.5384521484375,1235.3961704799108,1234.4734293619792,1197.6838842773439,1136.5378854370117,0.014148324269107835
2023-08-11,1253.969970703125,1259.7300139419374,1236.837916549459,1246.733138146324,22179330,0.004218441604908252,5.267578125,1239.672154017857,1237.6450073242188,1200.3774829101562,1137.1923135375976,0.014115122798498097
2023-08-14,1268.788330078125,1271.274485095857,1243.065489745762,1249.9577340453427,9575812,0.01181715648795878,14.818359375,1246.7999965122767,1240.319189453125,1203.44060546875,1137.9020895385743,0.013554570865713237
2023-08-16,1267.7545166015625,1271.5207081344915,1255.8654425931288,1255.8654425931288,10203112,-0.0008148037399577923,-1.0338134765625,1251.41357421875,1243.3671101888021,1206.2826611328126,1138.6937130737306,0.013360428269851956
2023-08-17,1249.465576171875,1269.2069834305885,1246.9302626576266,1263.7916479940673,13673744,-0.014426247503116163,-18.2889404296875,1252.4087088448662,1245.869775390625,1208.7398559570313,1139.3720816040038,0.013699465106085848
2023-08-18,1258.7208251953125,1268.960755625946,1234.9671961841154,1246.142454602955,18639978,0.0074073661571323335,9.2552490234375,1255.7950788225446,1247.859248860677,1211.211298828125,1139.926326599121,0.013273429637457977
2023-08-21,1244.986328125,1262.5000997685252,1242.8371963360953,1254.8424457661688,9221746,-0.010911472024133229,-13.7344970703125,1256.055419921875,1249.4689127604167,1213.3944213867187,1140.3586221313476,0.013458072026550204
2023-08-22,1244.68994140625,1253.8544488619668,1234.6115281978846,1243.4548358358238,7713044,-0.00023806423577066305,-0.29638671875,1255.482212611607,1249.5320841471355,1215.7324755859374,1140.8343069458008,0.011488547348270095
2023-08-23,1246.0732421875,1256.2752862282496,1243.4795205761563,1247.061326610869,9517952,0.001111361741774175,1.38330078125,1254.3541085379463,1249.1922729492187,1218.0782006835936,1141.2810116577148,0.011311284232574628
2023-08-24,1225.1259765625,1254.8178429548684,1220.778380707161,1254.8178429548684,14140020,-0.016810621491419542,-20.947265625,1248.1166294642858,1248.108015950521,1219.6714526367186,1141.6013961791991,0.011705567491334461
2023-08-25,1219.46923828125,1237.5758385308063,1206.7476503203045,1213.3677682361918,22222400,-0.004617270704782461,-5.65673828125,1241.2187325613838,1247.210078938802,1220.8698461914062,1141.8080703735352,0.011628289441520551
2023-08-28,1207.3155517578125,1227.2007490808824,1201.0659665597248,1221.2722430466752,12580826,-0.00996637401085021,-12.1536865234375,1235.197300502232,1245.9418579101562,1221.8188037109376,1141.9225094604492,0.0117518191643912
2023-08-29,1195.755126953125,1212.107851949824,1189.7277154191993,1211.4162410930335,16876644,-0.00957531341980633,-11.5604248046875,1226.2022007533483,1243.440079752604,1222.3107153320314,1141.9850534057616,0.011128105678710731
2023-08-30,1194.618896484375,1206.9452265993075,1193.1120434864215,1201.5107618049594,12168946,-0.0009502200267752503,-1.13623046875,1219.0068533761162,1240.5406982421875,1223.0125537109375,1142.113483581543,0.010954258330577215
2023-08-31,1189.15966796875,1198.0524282609965,1185.651919829385,1197.0643437840804,21638600,-0.00456984945717076,-5.459228515625,1211.0739571707588,1237.1352091471354,1223.5570434570313,1142.0798892211915,0.010800364953577014
2023-09-01,1191.9508056640625,1198.3733539411996,1186.5163417372542,1188.937220765019,18112842,0.0023471513292072643,2.7911376953125,1203.3421805245537,1233.874881998698,1224.0919213867187,1142.0892178344727,0.010836607553021429
2023-09-04,1190.987548828125,1197.3853714174265,1188.3197691016735,1191.950907028467,9347626,-0.0008081347244870418,-0.9632568359375,1198.4652622767858,1231.913309733073,1224.869267578125,1142.1204257202148,0.009418372548942143
2023-09-05,1197.36083984375,1202.4741047382813,1191.852196412095,1195.5822395056102,8675876,0.005351265864950383,6.373291015625,1195.306919642857,1231.0068400065104,1225.9626513671874,1142.21746673584,0.00880861366413831
2023-09-06,1199.88037109375,1203.5609616798479,1194.2236115362405,1196.125722417537,8200370,0.0021042372242012775,2.51953125,1194.2447509765625,1230.2106079101563,1227.2809155273437,1142.3118826293946,0.008823609931566433
2023-09-07,1201.5106201171875,1204.5983838407617,1191.1357340059783,1196.421961377583,13652572,0.001358676300331041,1.6302490234375,1195.0669642857142,1228.805753580729,1228.623603515625,1142.4176315307618,0.0082414024002972
2023-09-08,1209.51416015625,1213.3677136631895,1197.039593881822,1205.463038004146,23109288,0.006661231207662377,8.0035400390625,1197.194859095982,1228.0533203125,1229.8260083007813,1142.669612121582,0.008209879416094596
2023-09-11,1222.556884765625,1223.668479723262,1211.391482722607,1211.391482722607,13271074,0.010783441020392859,13.042724609375,1201.9658900669642,1227.322928873698,1231.100693359375,1142.9546585083008,0.00824369546654131
2023-09-12,1204.8948974609375,1226.7068128830886,1203.462102676104,1226.7068128830886,16255666,-0.014446761148519838,-17.6619873046875,1203.8150460379463,1225.6526285807292,1231.427333984375,1143.1695706176758,0.008437846801749128
2023-09-13,1210.9222412109375,1216.653058753229,1198.6699696902265,1205.4630504045967,12803338,0.00500238133857267,6.02734375,1206.6628592354912,1224.7748250325521,1232.1194409179689,1143.3645223999024,0.008154107338617139
2023-09-14,1212.03369140625,1218.2092185904667,1207.933117232777,1215.3437498538372,9209636,0.0009178543076400203,1.1114501953125,1208.7589808872767,1224.3746785481771,1232.87240234375,1143.4775607299805,0.007935731027832914
2023-09-15,1214.2816162109375,1219.2960960745,1210.1563157757241,1219.2960960745,25468592,0.0018546718796894623,2.2479248046875,1210.8163016183037,1224.2209513346354,1233.1773022460939,1143.397473449707,0.007909967670943737
2023-09-18,1203.709228515625,1210.8975674516837,1201.535490839137,1205.487828880595,7516300,-0.008706701603786726,-10.5723876953125,1211.1303885323662,1223.1626098632812,1233.31755859375,1143.2539596557617,0.007621870965257096
2023-09-20,1176.8826904296875,1199.3370070481767,1163.4694916701224,1197.089090701199,57081884,-0.0222865601180271,-26.8265380859375,1206.46875,1220.9753784179688,1231.99931640625,1142.9328048706054,0.008460523262262824
2023-09-21,1168.31103515625,1180.8103271156433,1165.9396084396587,1173.3255153106452,12226182,-0.0072833557185788544,-8.5716552734375,1198.7193429129463,1218.7518717447917,1230.240185546875,1142.5870809936523,0.008485454380404241
2023-09-22,1163.4447021484375,1177.0308632017375,1160.9992172819989,1173.8443150051187,19176786,-0.004165271799526971,-4.8663330078125,1192.797886439732,1216.0945638020833,1228.356005859375,1142.2196395874023,0.008343902472001759
2023-09-25,1156.2811279296875,1166.2854832156668,1153.638074334712,1161.1968240581607,14254884,-0.0061572107428239375,-7.16357421875,1184.9920131138392,1213.0138549804688,1226.5534814453124,1141.9065768432617,0.008277911472160702
2023-09-26,1157.2939453125,1161.0980464311394,1153.8851021083722,1155.342502590839,10087782,0.0008759265877027467,1.0128173828125,1177.1720493861608,1209.7913208007812,1224.7921166992187,1141.5809707641602,0.008206178701013861
2023-09-27,1170.336669921875,1171.769464855697,1155.3178333556975,1157.7880446735417,11722778,0.011270018876538002,13.042724609375,1170.8941999162946,1206.5095987955729,1222.7826806640626,1141.4107754516601,0.008173487635129838
2023-09-28,1153.14404296875,1177.3026603074284,1148.6482103293206,1177.3026603074284,14518346,-0.014690325779737057,-17.192626953125,1163.6706019810267,1202.6892496744792,1220.2135546875,1141.1574569702148,0.008453484134079247
2023-09-29,1158.529052734375,1170.435518964013,1153.1440405649926,1156.9481416896208,12342014,0.004669850049054958,5.385009765625,1161.0486537388392,1199.6580322265625,1217.5576489257812,1141.0222830200196,0.008290064637773632
2023-10-03,1145.263916015625,1153.885049186791,1144.2017734963838,1151.0936382938999,8859056,-0.011449981929621433,-13.26513671875,1157.7562081473213,1195.8761352539063,1214.66771484375,1140.8116958618164,0.008229031131954341
2023-10-04,1143.2877197265625,1145.683872665596,1133.8763122199225,1140.7434506187415,10286386,-0.0017255378969222024,-1.9761962890625,1154.8766392299108,1192.486181640625,1212.5367749023437,1140.5641909790038,0.008098633925455486
2023-10-05,1143.26318359375,1150.8219332922222,1140.743519950406,1145.8074528562056,10953682,-2.146103066547056e-05,-0.0245361328125,1153.0169328962054,1189.1052897135417,1210.9109399414062,1140.338147277832,0.008101097172534742
2023-10-06,1145.1898193359375,1148.5493304183171,1142.2502923697696,1144.7205033692,5431026,0.001685207544365408,1.9266357421875,1151.2877720424108,1185.7425089518229,1209.3393896484374,1140.206141052246,0.008111315841613502
2023-10-09,1135.4324951171875,1142.200849187487,1133.826857954507,1140.2988590719287,7576878,-0.00852026804116024,-9.75732421875,1146.3014613560267,1182.7527262369792,1207.1749145507813,1140.0543161010742,0.00774993452408838
2023-10-10,1140.447021484375,1145.1404226117538,1138.1497733893898,1139.5331157395624,10236032,0.0044164020219183975,5.0145263671875,1144.4876011439733,1180.11865234375,1205.3421118164063,1139.850997619629,0.007839889055060927
2023-10-11,1158.5537109375,1160.8509589721596,1142.7196339530417,1143.4359710357805,9814118,0.01587683523392247,18.106689453125,1144.4911237444196,1178.4932576497397,1203.6238134765624,1139.6870932006836,0.00835977245327966
2023-10-12,1160.7027587890625,1165.6185754357678,1155.1447837404767,1157.9609209243824,12554450,0.0018549401993832593,2.1490478515625,1146.6966727120537,1177.324845377604,1201.7377905273438,1139.618678894043,0.008230947560266278
2023-10-13,1160.6534423828125,1164.7045645712087,1150.6984190160554,1156.058825491677,10150316,-4.2488402716811535e-05,-0.04931640625,1149.177490234375,1176.1926635742188,1200.205732421875,1139.5652401733398,0.00823264688742383
2023-10-16,1158.0596923828125,1163.2471357038708,1154.0826283801794,1158.5290083696577,5929036,-0.002234732526769645,-2.59375,1151.2912772042412,1175.1559977213542,1198.8861645507814,1139.6705941772461,0.008208030311167118
2023-10-17,1163.5928955078125,1165.791359182136,1156.701030917525,1163.9634271590728,7928180,0.004777994745344127,5.533203125,1153.9202880859375,1174.2107340494792,1197.7801538085937,1139.753971862793,0.008252560893283816
2023-10-18,1148.1541748046875,1169.3979912920374,1146.6720480730119,1163.5929949263082,8918320,-0.013268146241462997,-15.438720703125,1155.7376708984375,1172.7829549153646,1196.0340478515625,1139.713239440918,0.008562314409479872
2023-10-19,1139.33544921875,1147.0672825471008,1136.7911799610206,1142.2256445327594,12032556,-0.0076807851937111815,-8.8187255859375,1155.5788748604912,1170.8487752278645,1193.9707641601562,1139.6289804077148,0.008549864814100956
2023-10-20,1135.8525390625,1143.559525479833,1134.4691966955595,1136.2971288231192,8913312,-0.0030569663733699404,-3.48291015625,1152.3358503069196,1168.7145141601563,1191.987490234375,1139.529920349121,0.008524251018309309
2023-10-23,1118.1163330078125,1139.3848747937852,1114.1887214650121,1131.356688684127,7853962,-0.01561488436635139,-17.7362060546875,1146.2520751953125,1165.9347045898437,1189.4865380859376,1139.3333193969727,0.008864492249442022
2023-10-25,1115.522705078125,1127.009187707913,1108.1367973597628,1111.6198194416302,11620688,-0.00231964049993838,-2.5936279296875,1139.8048270089287,1162.8016560872395,1186.8229443359376,1139.0585440063476,0.008699554113917572
2023-10-26,1099.98486328125,1115.5471912369471,1096.9218260289952,1112.0888961356811,15222534,-0.013928754409159971,-15.537841796875,1131.5084228515625,1158.7159220377605,1183.7432421875,1138.7489059448242,0.00855182145515668
2023-10-27,1119.40087890625,1123.204979852311,1104.6536704890175,1106.654565590137,11771084,0.01765116618703466,19.416015625,1125.195277622768,1155.866121419271,1180.7554931640625,1138.6238192749024,0.009121374694210236
2023-10-30,1142.47265625,1148.6481841216216,1121.4511352518443,1123.4520304054054,16813304,0.020610826539901428,23.07177734375,1124.3836321149554,1153.5844685872396,1178.2498559570313,1138.6243154907227,0.00996490203022981
2023-10-31,1130.3192138671875,1150.1303563093797,1127.8490026208185,1150.1303563093797,12808438,-0.010637840928906295,-12.1534423828125,1123.0955984933037,1150.8606526692708,1175.8669287109376,1138.5121292114259,0.010075362716510885
2023-11-01,1135.0125732421875,1144.9428703315039,1124.0448598372486,1130.9367248364767,10309190,0.004152242408533846,4.693359375,1122.9756033761162,1148.218351236979,1173.392763671875,1138.2873190307616,0.010116483524464287
2023-11-02,1146.2767333984375,1148.302354744411,1140.2247162104195,1143.1889695269997,10562104,0.009924260243279637,11.26416015625,1126.9985177176338,1146.303934733073,1171.4185717773437,1138.2060726928712,0.010273805499678249
2023-11-03,1146.0296630859375,1153.5638066087804,1144.078220526126,1149.7349795725816,8850156,-0.00021554159244552284,-0.2470703125,1131.356654575893,1145.2755004882813,1169.4453662109374,1138.1968618774415,0.00950086003083026
2023-11-06,1155.564697265625,1156.0587394619763,1148.9445800808262,1152.2546386732256,10647304,0.008320058796743801,9.5350341796875,1139.296630859375,1144.8506225585938,1167.6351953125,1138.35926361084,0.00956294505525454
2023-11-07,1148.0552978515625,1155.614167696399,1145.9556184844287,1153.1192304428853,6960204,-0.0064984673137140625,-7.5093994140625,1143.3901192801338,1144.3376424153646,1166.0937817382812,1138.493205871582,0.009604680338909334
2023-11-08,1154.033203125,1156.552866758098,1147.042553778562,1152.1064866637696,7884494,0.005206983744271199,5.9779052734375,1145.0416259765625,1144.2627115885416,1164.7850610351563,1138.7104293823243,0.009593851144468842
2023-11-09,1141.50927734375,1154.0331752710283,1138.3720609954937,1154.0085696526105,14513610,-0.010852309749265876,-12.52392578125,1146.6402064732142,1143.7365559895834,1163.468935546875,1138.786195373535,0.009792957291444396
2023-11-10,1143.6583251953125,1144.3747829309668,1135.3337858785344,1139.039102652828,7734954,0.001882637219176475,2.1490478515625,1147.8753138950892,1142.8472778320313,1162.4269995117188,1138.8820223999023,0.009553891427750238
2023-11-13,1143.51025390625,1148.4506764659145,1142.0774589944763,1147.6107081381433,3854810,-0.00012947161385568062,-0.1480712890625,1147.4801025390625,1142.5261515299478,1161.4048266601562,1138.9831289672852,0.009182563684111291
2023-11-15,1164.185791015625,1166.9030232858888,1149.6362714370953,1156.0588204395372,12220648,0.01808076231826261,20.675537109375,1150.0738351004463,1142.7147094726563,1160.9053491210936,1139.2544094848633,0.009739334916856184
2023-11-16,1166.285400390625,1172.9302438744137,1159.4923201233041,1161.542667627995,13134910,0.0018035002584666504,2.099609375,1151.6053641183037,1143.4154256184895,1160.392041015625,1139.5642471313477,0.009489674838283746
2023-11-17,1163.7412109375,1172.4857343750468,1162.012063114762,1162.4319266451018,7758634,-0.0021814467130196746,-2.544189453125,1153.8462088448662,1144.0972086588542,1159.8471142578126,1139.8939669799804,0.009493974138954645
2023-11-20,1160.6781005859375,1165.1490860409533,1154.2801575494677,1160.2828426994563,4490186,-0.002632123295775446,-3.0631103515625,1154.7954799107142,1144.6777058919272,1159.1134594726564,1140.284256286621,0.009512143124908539
2023-11-21,1175.2769775390625,1179.7728099438689,1166.0384122376151,1168.9038812090425,8214450,0.01257788610447208,14.598876953125,1159.6194370814733,1145.6806111653646,1158.6213916015624,1140.8502322387694,0.009761681489900214
2023-11-22,1179.87158203125,1182.9593458443583,1171.9669066696931,1173.3502489811203,8534814,0.00390938015463238,4.5946044921875,1164.792759486607,1147.1619140625,1158.1886108398437,1141.388288269043,0.009610195812000472
2023-11-23,1183.4781494140625,1185.7013394254852,1179.8716170501546,1179.8716170501546,8531542,0.003056745698208463,3.6065673828125,1170.5024588448662,1148.5962849934897,1157.667890625,1141.9577828979493,0.009598313076860213
2023-11-24,1182.6876220703125,1186.9858858764198,1181.2796741129466,1181.5514214570694,6749486,-0.0006679695304399047,-0.79052734375,1173.1455775669642,1149.4007486979167,1156.8705053710937,1142.555018005371,0.009197629564678619
2023-11-28,1182.9346923828125,1185.5531403805655,1173.4738317237427,1182.6876712625676,13792174,0.00020890580732335629,0.2470703125,1175.5240478515625,1150.1418131510416,1156.4313012695313,1143.1829110717774,0.00919558609746724
2023-11-29,1186.047119140625,1191.605094048659,1184.7379555197092,1189.6536514263266,12531306,0.0026311061615269526,3.1124267578125,1178.7106061662946,1150.9882690429688,1155.933798828125,1143.8217086791992,0.009201362703610652
2023-11-30,1174.5606689453125,1186.0471507278282,1170.8306260067593,1183.0828973645985,28439984,-0.009684649125605738,-11.4864501953125,1180.6938302176338,1151.5383015950522,1155.1843383789062,1144.442947692871,0.009383765987955477
2023-12-01,1182.88525390625,1183.9226701483003,1174.6347733568996,1174.8323419889748,14342842,0.007087403129556913,8.3245849609375,1181.780726841518,1152.1813802083334,1154.5564111328124,1145.1184194946288,0.009429312728563873
2023-12-04,1195.6810302734375,1210.4035134582498,1185.0097900344595,1210.4035134582498,15590990,0.010817428254289219,12.7957763671875,1184.0392194475446,1153.7656087239584,1154.3958471679687,1145.753244934082,0.009231888397576146
2023-12-05,1204.3514404296875,1205.8830195816831,1196.3973123183705,1204.9689932142376,12693624,0.007251440757797489,8.67041015625,1187.0211181640625,1155.9328084309896,1154.9452221679687,1146.4221078491212,0.009127696020636218
2023-12-06,1215.8873291015625,1221.7416569101222,1202.9927791973269,1208.9707381739393,16422442,0.009578506974475154,11.535888671875,1191.7639334542412,1158.600634765625,1155.896748046875,1147.192726135254,0.009182826291781566
2023-12-07,1213.8863525390625,1215.813068778958,1206.4509936678744,1215.3437528349593,8142096,-0.0016456924211707413,-2.0009765625,1196.1855991908483,1161.79296875,1156.9055810546874,1147.983556213379,0.008576559856442493
2023-12-08,1213.244140625,1223.5943006598802,1207.9331869400896,1217.2459307176134,10204894,-0.000529054398477391,-0.6422119140625,1200.0708879743304,1165.0503499348958,1158.0448413085937,1148.6467849731446,0.008546032993503387
2023-12-11,1215.022705078125,1219.098553135076,1211.5890153738967,1213.367615499601,7066138,0.0014659575872411068,1.778564453125,1205.8511788504463,1168.8849446614583,1159.1994165039061,1149.196560974121,0.007945625843945057
2023-12-12,1197.5830078125,1217.7892853568703,1195.6561708810905,1215.3438006129375,9197124,-0.014353392074680338,-17.439697265625,1207.9508579799108,1171.491015625,1159.7443432617188,1149.6634548950196,0.008106384819328053
2023-12-13,1202.4739990234375,1204.6478570918039,1188.8137803209581,1196.570218805253,10031182,0.004084051943815892,4.8909912109375,1208.9212820870537,1173.4910603841147,1160.7309423828126,1150.1317434692382,0.007343713763481527
2023-12-14,1217.39404296875,1222.7297228698085,1206.7721356331074,1212.3795628682321,16972354,0.01240778923904351,14.9200439453125,1210.7845110212054,1176.3935546875,1161.9082421875,1150.7332485961915,0.007209072711461809
2023-12-15,1232.9317626953125,1235.1055001292314,1220.3089603608373,1224.236571728094,15932152,0.012763098206618473,15.5377197265625,1213.2194301060267,1179.6575276692708,1163.6615991210938,1151.3676840209962,0.007444618953465162
2023-12-18,1245.48046875,1252.3476075388428,1230.6344755328585,1232.9318442845902,14165188,0.010177940445994071,12.5487060546875,1217.732875279018,1182.9643188476562,1165.7054541015625,1152.1902767944337,0.007453142322778309
2023-12-19,1263.809326171875,1271.6150959828576,1247.5552663727806,1262.2777471951172,16820604,0.01471629453994594,18.328857421875,1224.9564732142858,1186.8903076171875,1168.116376953125,1153.1304147338867,0.007738130745557003
2023-12-20,1248.518798828125,1283.9417239360823,1244.9864450577063,1270.207325538083,17736722,-0.01209876128234122,-15.29052734375,1229.7416294642858,1189.9887776692708,1170.1829565429687,1153.9572946166993,0.00816701716676202
2023-12-21,1266.0079345703125,1271.4176728398502,1244.1218397625619,1248.44470925444,13765454,0.014007907416855092,17.4891357421875,1239.5166190011162,1193.9205322265625,1172.7944653320312,1154.9076303100585,0.008235859636545056
2023-12-22,1267.2430419921875,1275.0735389423144,1258.6466348491601,1264.550535970751,16541784,0.000975592165063377,1.235107421875,1248.7693394252233,1197.6941935221355,1175.3303857421874,1155.9670620727538,0.008238272569103072
2023-12-26,1273.66552734375,1280.5326657287192,1266.0819312708138,1268.7003790735205,7465664,0.0050680770292224064,6.4224853515625,1256.8081229073662,1202.0994018554688,1177.6326220703124,1157.0100997924806,0.007806160947440907
2023-12-27,1278.01318359375,1284.4603381656593,1271.2201029702012,1275.6170305456778,9204156,0.003413499193204217,4.34765625,1263.248325892857,1206.5778971354166,1179.9788305664063,1158.1154299926757,0.007798954941363805
2023-12-28,1287.251708984375,1290.4382571270967,1278.0131437475463,1279.4705441490948,12302636,0.0072288185358513335,9.238525390625,1269.2156459263392,1211.369278971354,1182.5107958984374,1159.1321109008788,0.007788808835634569
2023-12-29,1277.0743408203125,1291.4262906293047,1274.2830506802181,1289.9936165179902,10864584,-0.007906276676915236,-10.1773681640625,1271.1106480189733,1215.1322306315103,1184.8910888671876,1160.0449685668946,0.007609993702783762
2024-01-01,1279.69287109375,1287.8940202608817,1271.2447008145452,1274.9006856426909,4030540,0.002050413346928126,2.6185302734375,1275.5640869140625,1218.912479654948,1187.2130883789061,1160.9512655639649,0.007608656712979112
2024-01-02,1290.2900390625,1291.920402508132,1271.1706293129728,1277.099135940161,7448800,0.008281024461512132,10.59716796875,1279.032958984375,1223.1307739257813,1190.0558056640625,1162.0425509643555,0.0075967673371981756
2024-01-03,1276.25927734375,1301.3071935056118,1273.2455715878027,1289.450180352941,9037536,-0.010874114574227378,-14.03076171875,1280.3209926060267,1226.9834798177083,1192.7942822265625,1163.1467233276367,0.007965326536749256
2024-01-04,1282.8546142578125,1289.376067708453,1274.1842702494187,1278.5811975278393,9612778,0.00516770928223087,6.5953369140625,1281.6337193080358,1230.5694010416667,1195.7343237304688,1164.370661315918,0.007777161159532256
2024-01-05,1288.3138427734375,1294.3165279752034,1283.521657474919,1285.9424160498672,8086406,0.004255531729745909,5.459228515625,1283.1052420479912,1234.1841430664062,1199.1382739257813,1165.641321105957,0.0077788856265388435
2024-01-08,1278.2601318359375,1300.294341541995,1269.1696830048252,1289.4501393970402,7734652,-0.007803774673302177,-10.0537109375,1281.8207310267858,1237.3435424804688,1202.3930224609376,1166.9500924682618,0.008023320663898152
2024-01-09,1274.8759765625,1287.8693113555237,1273.245613077726,1284.5098000629723,5403074,-0.0026474699391405565,-3.3841552734375,1281.5066789899554,1240.4164876302084,1205.8908447265626,1168.267275695801,0.008059203636246586
2024-01-10,1309.2613525390625,1313.658280108081,1272.1834593214687,1273.146817539874,11102740,0.026971545945415842,34.3853759765625,1285.730747767857,1244.6273763020833,1209.6880541992186,1169.762747192383,0.009193983648804332
2024-01-11,1343.6961669921875,1346.2651626289091,1312.6702888458758,1313.6583733689063,23725852,0.026300947772074146,34.434814453125,1293.3601946149554,1249.882344563802,1213.7125244140625,1171.4800357055665,0.010094695974753928
2024-01-12,1354.3919677734375,1356.9609630954171,1329.714583957277,1343.6960023683716,15012164,0.007959984588772118,10.69580078125,1304.522007533482,1255.8767211914062,1218.1939794921875,1173.0952865600586,0.009765419466415763
2024-01-15,1377.5133056640625,1379.8105538837538,1349.7234290591657,1358.6161895727328,8610594,0.017071378478887178,23.121337890625,1318.044677734375,1262.3643229166667,1223.043994140625,1174.810467224121,0.010012847254988737
2024-01-16,1358.2454833984375,1379.662260463631,1354.169635353321,1373.412554424991,9069024,-0.013987394667187236,-19.267822265625,1328.034912109375,1267.7831380208333,1227.283369140625,1176.4947412109375,0.010538106263954747
2024-01-17,1345.3509521484375,1369.7567088979374,1338.879071777444,1343.3007252899447,12197382,-0.009493520433240699,-12.89453125,1337.6193150111608,1272.4831217447916,1231.269794921875,1178.2156460571289,0.01081680533107423
2024-01-18,1351.6500244140625,1354.663730119792,1335.1490629645289,1335.2972997496222,10279438,0.004682103398794046,6.299072265625,1348.5870361328125,1277.008544921875,1235.1915014648437,1179.8902313232422,0.010762687807968373
2024-01-19,1351.156005859375,1359.6041759840746,1342.8067406703178,1359.6041759840746,10422704,-0.00036549294992371806,-0.4940185546875,1354.571986607143,1281.5842000325522,1239.253515625,1181.538603515625,0.010743732678185182
2024-01-23,1312.7442626953125,1355.4048574857818,1306.791150318716,1355.4048574857818,20055420,-0.02842879948539434,-38.4117431640625,1350.1502859933037,1284.9008707682292,1242.4277368164062,1183.0251342773438,0.012222219022055803
2024-01-24,1327.8619384765625,1333.4199132911328,1308.1497027138623,1319.314984194113,21919128,0.011516085966515988,15.11767578125,1346.3602818080358,1288.662178548177,1246.1547900390624,1184.3683483886718,0.012324449240324544
2024-01-25,1336.9522705078125,1347.895377764627,1319.2902616038493,1326.9479158139593,11808872,0.006845841248886986,9.09033203125,1340.5658482142858,1293.3078206380208,1250.0206689453125,1185.7561053466798,0.011893097366139069
2024-01-29,1430.7957763671875,1435.192704047216,1343.9678528779282,1348.241269998228,23893438,0.07019211375715795,93.843505859375,1350.93017578125,1300.918546549479,1255.7663793945312,1187.6258032226563,0.01699026012239488
2024-01-30,1390.852294921875,1442.5784888178382,1387.690473107798,1442.5537625848374,14093978,-0.027916969077676157,-39.9434814453125,1357.4303676060267,1306.70048828125,1260.2997094726563,1189.2603411865234,0.01802519823251734
2024-01-31,1409.6259765625,1417.1601204834947,1385.788439238697,1387.2705659116798,15130226,0.013497969345249272,18.773681640625,1365.712646484375,1312.5902954101562,1265.1665209960938,1191.0264624023437,0.01803716375267384
2024-02-01,1409.650634765625,1426.1515960154993,1401.1531330404457,1417.9011153905622,13349362,1.7492727528489738e-05,0.024658203125,1374.0690220424108,1318.0626342773437,1270.0847094726562,1192.7665789794921,0.01802475799642855
2024-02-02,1440.33056640625,1457.3256902760372,1416.0978932450594,1416.0978932450594,19652588,0.02176420943174051,30.679931640625,1392.2956368582588,1323.9466756184895,1275.6777587890624,1194.636693725586,0.018210314228924836
2024-02-05,1421.878173828125,1452.9781061073709,1414.4675408489986,1443.3442832345067,8814432,-0.012811220568737403,-18.452392578125,1405.726527622768,1329.725321451823,1280.6097827148437,1196.394439086914,0.0182331913752786
2024-02-06,1410.786865234375,1424.6693778058625,1402.906796150729,1424.6693778058625,9047984,-0.00780046335748219,-11.09130859375,1416.2743268694196,1334.5512858072916,1285.2280883789062,1198.0695782470702,0.01827578447397287
2024-02-07,1424.9659423828125,1432.2283386037336,1412.2196294925052,1418.8151411125152,9296568,0.010050474311781965,14.1790771484375,1415.4414934430804,1339.8087158203125,1290.0578442382812,1199.877183227539,0.018302948362300227
2024-02-08,1432.845947265625,1442.0845126481563,1410.515263064875,1432.7224367107362,14694634,0.0055299601544409605,7.8800048828125,1421.4405866350446,1345.1147298177084,1295.0610107421876,1201.6977197265626,0.018304005316894183
2024-02-09,1443.34423828125,1454.4354611714164,1433.660963243804,1436.6746688077615,12556798,0.007326880489601395,10.498291015625,1426.2574811662946,1350.6257649739584,1300.2692016601563,1203.584266357422,0.018312945197688165
2024-02-12,1435.04443359375,1443.5913882496639,1425.163589047209,1443.3443671360003,6674430,-0.005750398600255946,-8.2998046875,1429.8851667131696,1355.5521891276042,1305.2491479492187,1205.4226110839843,0.018392614992997595
2024-02-13,1447.6424560546875,1461.3768535820275,1436.6747431428453,1438.1568697691962,7715594,0.00877883789938716,12.5980224609375,1430.929722377232,1361.23779296875,1310.7107836914063,1207.3034979248048,0.0182786580403718
2024-02-14,1463.7235107421875,1465.9714268487612,1440.1329959711338,1440.1329959711338,7117888,0.011108443676987934,16.0810546875,1436.9076276506696,1367.3721476236979,1316.327548828125,1209.2237817382813,0.018314208083332895
2024-02-15,1453.076904296875,1467.0335965408115,1449.0505085860837,1465.674980481667,10006782,-0.007273645854000144,-10.6466064453125,1442.9490618024554,1372.7983764648438,1321.4754663085937,1211.1225256347657,0.018427637637102978
2024-02-16,1443.17138671875,1459.4007219371786,1441.170612214809,1458.8819534815811,9767498,-0.006816925896236836,-9.905517578125,1445.549839564732,1378.3621134440104,1326.251865234375,1212.9377764892579,0.018328350320375403
2024-02-19,1456.4364013671875,1461.8708655513933,1436.2053974591388,1444.6288410678121,6729828,0.009191572650700364,13.2650146484375,1448.9199044363838,1384.148173014323,1331.0628466796875,1214.7206353759766,0.018349897260245728
2024-02-20,1453.4970703125,1457.9187244624495,1444.3820146436099,1457.449408433713,7117496,-0.0020181664313857484,-2.9393310546875,1450.3703090122767,1389.6542805989584,1335.8550610351563,1216.4421081542969,0.018387297577025383
2024-02-21,1450.2115478515625,1470.7884795851646,1440.1825868389801,1456.4365283424868,12720292,-0.0022604259258885984,-3.2855224609375,1452.5370396205358,1395.3859944661458,1340.5944091796875,1218.194751586914,0.018290212976367185
2024-02-22,1464.093994140625,1467.2558158327358,1440.6269906914333,1450.6560710255042,18493728,0.009572704278647315,13.8824462890625,1454.8872593470983,1401.69326171875,1345.5758349609375,1219.9534185791015,0.018264493898201308
2024-02-23,1475.82763671875,1479.7059164315408,1465.6750448712426,1471.7517883622584,14438584,0.008014268636497013,11.733642578125,1456.616420200893,1407.2454711914063,1351.1407275390625,1221.784954223633,0.01779213944228162
2024-02-26,1469.6026611328125,1476.7169415654328,1464.8352018923576,1475.753583346703,7513106,-0.004217955695542952,-6.2249755859375,1458.9772426060267,1411.4423543294272,1356.48330078125,1223.516864013672,0.01734890792717576
2024-02-27,1467.9476318359375,1482.0771665679397,1460.4382144226488,1465.3539102526265,10826044,-0.0011261746733632894,-1.655029296875,1462.5167061941963,1415.2275431315104,1361.4943725585938,1225.2231182861328,0.01734103736418881
2024-02-28,1438.2803955078125,1473.5056294891751,1432.8953836215212,1465.3292067243183,8647950,-0.02021001000629752,-29.667236328125,1459.9229910714287,1417.2531127929688,1365.6013452148438,1226.7422985839844,0.017618870102779346
2024-02-29,1443.393798828125,1461.352161163495,1437.1935448412644,1447.5437052316252,23628976,0.0035552200643791387,5.1134033203125,1458.4796665736608,1420.0913899739583,1369.5596118164062,1228.3240795898437,0.0173735483704928
2024-03-01,1474.345458984375,1482.1266237591103,1445.0734581651325,1446.061542580972,12132926,0.021443669898941753,30.95166015625,1461.9273681640625,1424.3912068684897,1373.7703344726563,1230.0514178466797,0.01757426301799441
2024-03-04,1489.4384765625,1494.4282305064353,1469.503825173054,1472.7150995331629,10024420,0.010237097069856427,15.093017578125,1465.5480085100446,1428.9841552734374,1378.5887280273437,1231.8430877685546,0.017619590028299503
2024-03-05,1482.32421875,1489.4384990399915,1468.3429205099196,1487.8328618357061,7107668,-0.004776469739736444,-7.1142578125,1466.4760916573662,1433.3564290364584,1382.9150537109374,1233.6797283935548,0.01767032555460272
2024-03-06,1485.0909423828125,1491.0194491388315,1460.8828731290673,1475.654687549837,7805676,0.0018664767112457348,2.7667236328125,1468.6887032645088,1439.101318359375,1387.27201171875,1235.5631463623047,0.016633245553712844
2024-03-07,1461.3028564453125,1485.1897258668157,1457.968071396935,1485.0662153094684,8315726,-0.01601793214046021,-23.7880859375,1467.7394496372767,1443.5493489583334,1391.0247583007813,1237.3395513916016,0.016974686197343578
2024-03-11,1449.12451171875,1471.257625711574,1446.0614742974403,1471.257625711574,11277130,-0.008333895107949685,-12.1783447265625,1469.288609095982,1447.2884236653647,1394.4469848632812,1239.0371160888672,0.017092205624342844
2024-03-12,1457.8446044921875,1470.269718687064,1447.5685016900354,1449.1246865128974,9432678,0.006017490355673338,8.7200927734375,1471.3530099051338,1448.1900512695313,1397.8588427734376,1240.7486328125,0.011457615138166455
2024-03-13,1415.10986328125,1465.4279903850718,1410.7622676768488,1462.142657909758,13522134,-0.029313646378533842,-42.7347412109375,1462.8907819475446,1448.9986368815105,1400.6195532226564,1242.2474981689454,0.011580037963396987
2024-03-14,1414.418212890625,1431.2651015924712,1408.5144322207132,1422.5451836499767,18571102,-0.0004887609143089389,-0.691650390625,1452.1736014229912,1449.158378092448,1403.3140600585937,1243.775394897461,0.011323288844098724
2024-03-15,1401.3260498046875,1416.1473166057365,1396.0645483366263,1408.9589780840722,19223818,-0.009256217833324754,-13.0921630859375,1440.6024344308037,1448.8808919270834,1405.5347802734375,1245.2385119628907,0.011453580915688426
2024-03-18,1422.32275390625,1424.5459437848976,1399.6462653903534,1403.0798345242215,9169392,0.014983453782571932,20.9967041015625,1431.6355503627233,1448.2806315104167,1408.4560498046876,1246.6554119873047,0.011066922488498221
2024-03-19,1408.267333984375,1420.4701525728194,1400.3626585436627,1411.7256294896865,8275764,-0.009882018608837861,-14.055419921875,1424.059047154018,1447.8269368489584,1410.9643041992188,1247.97,0.010965739022120181
2024-03-20,1426.5467529296875,1427.7818583434794,1407.0568136232032,1410.9349722530521,8488806,0.012980077364711073,18.2794189453125,1420.8336530412946,1448.3522664388022,1413.7289624023438,1249.3774621582031,0.01112827160972413
2024-03-21,1433.685791015625,1440.5283239841642,1427.460931435626,1435.2173701383908,13006936,0.005004419288239914,7.1390380859375,1417.3823939732142,1448.642928059896,1416.8374755859375,1250.934331665039,0.011015415805727131
2024-03-22,1437.6875,1442.6031956703118,1430.1039041326171,1432.697625631682,19527608,0.002791203630148509,4.001708984375,1420.6077706473213,1448.8043131510417,1420.0937060546876,1252.5263189697266,0.010981550458975588
2024-03-26,1424.3978271484375,1435.0939139473653,1421.853557874578,1427.7820647176966,11415906,-0.009243784098813213,-13.2896728515625,1422.0334298270088,1448.1727661132813,1422.396435546875,1254.0701470947265,0.011025857986548857
2024-03-27,1475.0618896484375,1482.126717793074,1429.7582404310522,1430.7463249095808,16326644,0.035568758625128316,50.6640625,1432.5671212332588,1449.506681315104,1425.02375,1255.8171978759765,0.01277415771642304
2024-03-28,1468.145263671875,1488.0057370987279,1461.0311038405712,1475.0865810929813,21854364,-0.004689041202339594,-6.9166259765625,1439.1131940569196,1450.1901082356771,1427.2988159179688,1257.5248950195312,0.012727777064147953
2024-04-01,1467.0831298828125,1476.1734586788064,1464.8352136106084,1474.691331987126,5013880,-0.0007234527913171362,-1.0621337890625,1447.5154506138392,1450.3020955403647,1429.0902124023437,1259.1845672607421,0.012571583021445822
2024-04-02,1469.2320556640625,1476.198098955644,1457.4244952875333,1466.3172549197961,8910166,0.0014647607470079649,2.14892578125,1453.6133510044642,1450.8406005859374,1431.3099438476563,1260.851576538086,0.01249458319634701
2024-04-03,1454.0650634765625,1466.7619246317818,1451.397283687729,1464.4152240453116,7008292,-0.010323074649119857,-15.1669921875,1456.5246756417412,1451.2037231445313,1433.4842260742187,1262.4829656982422,0.01258094054474872
2024-04-04,1445.4935302734375,1462.1180033355356,1432.7224901750476,1462.1180033355356,14490272,-0.005894875971114488,-8.571533203125,1457.6398228236608,1450.8389607747397,1435.3610961914062,1264.066498413086,0.01251573688996237
2024-04-05,1442.7020263671875,1453.274601948929,1438.6509043996564,1443.467815909923,7442298,-0.001931177032471365,-2.79150390625,1460.2547084263392,1450.4791259765625,1437.1920166015625,1265.5526916503907,0.012515305419603325
2024-04-08,1468.2686767578125,1473.2090987059642,1443.5912932499484,1445.5427357963142,8357118,0.017721365828398783,25.566650390625,1459.2842494419642,1451.0810302734376,1440.3025048828124,1267.0962872314453,0.012925374964529179
2024-04-09,1446.2098388671875,1472.0482715276003,1445.0735176190665,1471.2577557160955,7071414,-0.015023706655197921,-22.058837890625,1456.1506173270088,1450.4848917643228,1442.669462890625,1268.527998046875,0.013108380220560234
2024-04-10,1461.945068359375,1469.281643980642,1448.8776750369068,1448.8776750369068,9138330,0.010880322529483566,15.7352294921875,1455.4166085379463,1450.0221394856771,1445.1693188476563,1269.9819256591798,0.013181506998336852
2024-04-12,1449.6680908203125,1468.7627741208264,1445.6415744118667,1458.2891033204971,15551012,-0.008397700983963752,-12.2769775390625,1452.6217564174108,1449.3576538085938,1445.5467651367187,1271.432631225586,0.013247024815568961
2024-04-15,1447.3707275390625,1464.4646364315843,1429.0911655763507,1443.591352839028,12902062,-0.0015847512239508532,-2.29736328125,1451.6654227120537,1448.671756998698,1446.6771337890625,1272.859808959961,0.01324819128754842
2024-04-16,1448.2847900390625,1453.6451964542034,1433.6364862387566,1436.0325186728678,9366184,0.0006315330845154676,0.9140625,1452.064174107143,1449.0052368164063,1447.4503100585937,1274.275198364258,0.012708241043658242
2024-04-18,1446.8765869140625,1468.2933637329888,1441.9608913302363,1446.0614655607194,19005692,-0.0009723247352214637,-1.408203125,1452.6605398995537,1449.1213297526042,1448.1948291015624,1275.748980102539,0.012695235973784766
2024-04-19,1452.607666015625,1456.4364932961696,1425.8306012864564,1439.4167626045175,15741778,0.00396100065022531,5.7310791015625,1450.4232526506696,1448.3967366536458,1448.44037109375,1277.298560180664,0.01207033104961233
2024-04-22,1462.2166748046875,1465.1562017707047,1450.3103301575065,1454.9048261235944,10350362,0.006615006249704791,9.6090087890625,1452.7099434988838,1447.4893432617187,1449.2471411132813,1278.9398077392577,0.011977765539753125
2024-04-23,1441.9364013671875,1475.7042382593086,1438.2064787775075,1461.3770126451404,14605554,-0.013869540531815439,-20.2802734375,1449.8515625,1446.1430826822916,1449.8701318359374,1280.4776086425782,0.012201484906063003
2024-04-24,1432.8953857421875,1451.051437133562,1432.2283805059903,1446.0615625184662,10462776,-0.006270051589257086,-9.041015625,1447.4554617745537,1444.403230794271,1450.028720703125,1281.8951159667968,0.012229449204145003
2024-04-25,1442.5784912109375,1450.483166375014,1424.3236561270523,1425.3117405225619,15943926,0.0067577197645412035,9.68310546875,1446.7708565848213,1443.7790852864584,1450.2233715820312,1283.3138952636718,0.011977043070253142
2024-04-26,1435.2421875,1447.5437912682185,1432.7225237808307,1446.5062542977878,9413848,-0.0050855490745458365,-7.3363037109375,1444.9076276506696,1443.3163411458333,1450.0613305664062,1284.547291870117,0.011917008815484853
2024-04-29,1447.568359375,1450.4091019997668,1432.7223672737166,1432.7223672737166,7247974,0.008588217363141082,12.326171875,1445.0064522879463,1442.9737996419271,1450.3118090820312,1285.903549194336,0.011972760279931334
2024-04-30,1449.519775390625,1465.4031834424802,1445.4439273514386,1450.507859763761,11474262,0.001348064844735486,1.951416015625,1444.5653250558037,1444.1207967122396,1450.34935546875,1287.279219970703,0.01063254015127883
2024-05-02,1449.0753173828125,1459.7218309784546,1446.6791643138517,1454.460329459568,14512646,-0.0003066243147270553,-0.4444580078125,1442.68798828125,1445.276033528646,1450.0563916015626,1288.5294134521484,0.010631798180431733
2024-05-03,1416.9130859375,1457.3750954799905,1399.275802819383,1453.4722101911175,17226958,-0.022195003295895632,-32.1622314453125,1439.1132289341517,1445.7956013997396,1449.333115234375,1289.6304968261718,0.011297955248869947
2024-05-06,1402.610595703125,1422.841600588335,1401.1037428015688,1418.3952205864964,7394208,-0.010094119657954703,-14.302490234375,1434.786830357143,1445.1385294596355,1448.5218994140625,1290.4295758056642,0.01111021065158487
2024-05-07,1384.775634765625,1403.8209867220144,1375.4135586957902,1399.1028593353728,14517472,-0.012715546989404691,-17.8349609375,1426.5292794363838,1444.3554728190104,1447.0886840820312,1291.0721160888672,0.011205186757580175
2024-05-08,1401.6473388671875,1415.8756594095175,1380.8481115524094,1380.8481115524094,9439002,0.01218370953242398,16.8717041015625,1421.730015345982,1443.5254923502605,1446.051689453125,1291.792084350586,0.011173047220413568
2024-05-09,1377.5133056640625,1406.7853090212204,1373.4374570953444,1396.1634006300155,11009612,-0.01721833483637203,-24.134033203125,1411.7221505301338,1441.653076171875,1444.597724609375,1292.4476141357422,0.011524820945591771
2024-05-10,1390.65478515625,1393.1990543318577,1371.535254832905,1380.106935558881,10505096,0.009540001855627978,13.1414794921875,1403.3128662109375,1440.0853190104167,1443.1289404296874,1293.1740771484374,0.011671709308609578
2024-05-13,1385.986083984375,1390.2101693574684,1367.5089520262873,1383.2195197456997,8456620,-0.003357196352184899,-4.668701171875,1394.3001185825892,1438.8049275716146,1441.332109375,1293.749965209961,0.011578187126700055
2024-05-14,1403.15380859375,1410.0703989131912,1383.3427901196658,1384.2814219881418,7188300,0.012386650059300619,17.167724609375,1392.334507533482,1436.4079915364584,1440.0031323242188,1294.3577325439453,0.009682395797182693
2024-05-15,1399.3994140625,1412.9361236084007,1396.188139403763,1403.5740469957013,5046534,-0.0026756828141404343,-3.75439453125,1391.875767299107,1434.1164632161458,1438.63216796875,1294.8981079101563,0.00966734936256867
2024-05-16,1408.3660888671875,1410.4904944706304,1381.3667306256436,1401.6471872524828,14711774,0.006407516477841657,8.9666748046875,1395.2458321707588,1432.159228515625,1438.0338818359376,1295.4911352539064,0.009775486982926978
2024-05-17,1418.5928955078125,1420.0750222861304,1396.4104463053004,1406.093722836626,10916476,0.007261468961419659,10.226806640625,1397.6666259765625,1430.4712565104167,1437.5378637695312,1296.334926147461,0.009888943585712002
2024-05-21,1419.0128173828125,1424.6448506468714,1408.6132041549795,1408.6132041549795,11176128,0.00029601295504133596,0.419921875,1403.5951276506696,1429.3028483072917,1436.4312109375,1297.307215576172,0.009737091836560413
2024-05-22,1443.24560546875,1451.2737917888355,1419.1610465084934,1419.1610465084934,10281604,0.017077215786275746,24.2327880859375,1411.1081019810267,1429.2279174804687,1435.507353515625,1298.4046069335936,0.01021164587192678
2024-05-23,1468.3428955078125,1474.4442444107415,1437.6628261266358,1441.1705740518107,14608260,0.01738947961730397,25.0972900390625,1422.8733607700892,1430.0826131184897,1435.2277270507811,1299.5280401611328,0.01068406599761609
2024-05-24,1462.6119384765625,1470.7636348065282,1458.5113640783345,1465.9467233388211,7094776,-0.0039030100181525196,-5.73095703125,1431.3673793247767,1429.8940551757812,1434.7781469726563,1300.6806640625,0.010211085236782708
2024-05-27,1448.77880859375,1467.2066075031105,1444.134859977049,1462.587264504762,6629010,-0.009457826453420637,-13.8331298828125,1438.4215785435267,1429.9796875,1434.527666015625,1301.7022149658203,0.009978075777856725
2024-05-28,1438.8485107421875,1460.8828419616084,1435.4396676765145,1450.5079553599196,7820162,-0.006854253936252164,-9.9302978515625,1442.7762102399554,1429.2098022460937,1434.3221459960937,1302.6214379882813,0.009842240472875833
2024-05-29,1423.607421875,1440.6271526936466,1421.310053120064,1429.264181324664,7383556,-0.01059255978193685,-15.2410888671875,1443.4925711495537,1428.34111328125,1433.63740234375,1303.553193359375,0.009911014171615112
2024-05-30,1407.8720703125,1423.2368313836507,1403.178669288835,1418.3951935729253,13206858,-0.011053153643843294,-15.7353515625,1441.9010358537946,1427.0244913736979,1433.492646484375,1304.47236328125,0.010093943627018553
2024-05-31,1413.35595703125,1425.0647331073133,1405.3030450073677,1414.245257118902,31069832,0.003895159819125249,5.48388671875,1437.6310860770088,1425.860196940104,1433.4714013671876,1305.4446759033203,0.010128241733169098
2024-06-03,1492.32861328125,1496.4539141466187,1441.6152266357983,1465.3292536675044,21527942,0.055875984996647254,78.97265625,1441.0576171875,1427.375264485677,1435.2914526367188,1306.7290216064453,0.01447370131810688
2024-06-04,1380.625732421875,1480.1999676014107,1343.1032493273078,1480.1999676014107,36709098,-0.07485139657931561,-111.702880859375,1429.3453020368304,1424.9758666992188,1434.4575122070312,1307.4196520996093,0.020028812929393503
2024-06-05,1403.8209228515625,1414.0970248192752,1367.6076051704213,1405.0560283617258,17464890,0.016800491172215715,23.1951904296875,1422.9227469308037,1423.0293416341146,1434.368583984375,1308.2636755371093,0.020256085081535098
2024-06-06,1414.5416259765625,1426.4974232883105,1404.4137607114592,1417.9011371144834,17855722,0.007636802494169315,10.720703125,1419.4503348214287,1422.1161824544272,1434.1284814453124,1309.1205639648438,0.020171027163659323
2024-06-07,1452.4345703125,1454.4601915157414,1409.5023527154926,1411.478521453965,18558696,0.02678814369268001,37.8929443359375,1423.5684988839287,1422.767488606771,1434.50345703125,1310.1392248535155,0.02073657660382714
2024-06-10,1453.867431640625,1475.5558362929214,1450.5819785928986,1452.4346368701142,9251760,0.000986523838947706,1.432861328125,1430.1392647879463,1423.1437866210938,1434.8270556640625,1311.1387121582031,0.02070482596151228
2024-06-11,1439.3179931640625,1456.1154291491666,1437.3418242246385,1451.4960860069511,11774902,-0.010007403811325588,-14.5494384765625,1433.8481270926338,1423.279646809896,1435.125458984375,1311.9913604736328,0.020769763741537092
2024-06-12,1445.888671875,1458.4126908916728,1437.835879864395,1440.1331280315808,10081742,0.00456513344663545,6.5706787109375,1427.2138497488838,1423.2236572265624,1434.5419946289062,1312.88203125,0.020727388924771703
2024-06-13,1447.790771484375,1454.7073627830548,1442.7021123343332,1454.4603416652449,9181160,0.0013155228658845441,1.902099609375,1436.8088553292412,1423.1660237630208,1434.1349047851563,1313.8736572265625,0.020727326099743624
2024-06-14,1459.9442138671875,1462.0438933040555,1439.8613252368543,1452.4841280922399,8157998,0.008394474272240382,12.1534423828125,1444.8264683314733,1423.5283203125,1433.9921264648438,1314.8797741699218,0.02078122228368893
2024-06-18,1463.3778076171875,1469.6768460329972,1453.8180422457062,1469.6273935638167,7196766,0.00235186640515872,3.43359375,1451.8030657087054,1425.0771443684896,1433.8750415039062,1315.971731567383,0.02033692176729474
2024-06-19,1441.2694091796875,1469.7756214798555,1438.650961260282,1469.7756214798555,8725874,-0.015107785783289307,-22.1083984375,1450.208042689732,1426.365771484375,1433.6191284179688,1316.95462890625,0.020453869698824654
2024-06-20,1456.14013671875,1465.181134372769,1432.8213657240578,1441.6153422433538,16113776,0.010317798632475172,14.8707275390625,1450.53271484375,1428.7445882161458,1433.832060546875,1318.0049633789063,0.020348961692045496
2024-06-21,1436.872314453125,1457.1280450509373,1423.4096642387256,1456.0659025463858,31170360,-0.013232120851392026,-19.267822265625,1450.1833321707588,1429.9187540690104,1433.7154663085937,1319.0636950683593,0.020434073963378308
2024-06-24,1424.2989501953125,1432.2283517054532,1420.3713387903338,1428.3007403004744,8878386,-0.00875050909627828,-12.5733642578125,1447.099086216518,1431.4782755533854,1432.8360717773437,1320.0878436279297,0.02023074976666639
2024-06-25,1436.822998046875,1438.576872033328,1423.8296636688654,1425.8058325289194,7045386,0.008793131420791411,12.5240478515625,1445.532261439732,1433.017215983073,1432.6483349609375,1321.235380859375,0.020220735956877674
2024-06-26,1495.9844970703125,1500.875466568816,1427.905458276952,1428.8194845866847,22014882,0.04117521720062789,59.1614990234375,1450.680873325893,1436.6838297526042,1433.3291235351562,1322.736527709961,0.021464169632175855
2024-06-27,1512.3126220703125,1519.1797603831344,1488.0551018777237,1495.7127559544517,28383030,0.010914635166324516,16.328125,1457.6715611049108,1440.3224568684896,1434.5820141601562,1324.3249963378905,0.02144311022431035
2024-06-28,1546.7474365234375,1562.1615299634889,1512.782033239127,1512.782033239127,28957336,0.02276964031814055,34.434814453125,1472.7398507254463,1445.2340576171875,1436.5695483398438,1326.112935180664,0.02172352032452376
2024-07-01,1541.5599365234375,1560.5805616644209,1537.138282854078,1543.9066370278445,7724306,-0.0033538119265674737,-5.1875,1484.9426792689733,1449.6738525390624,1438.4350512695312,1327.8609808349609,0.02175269050692803
2024-07-02,1546.525146484375,1554.7509013864856,1538.4475077589818,1550.7985635373939,7749246,0.0032208997154759,4.9652099609375,1500.6073695591517,1453.9382609049478,1440.4280224609374,1329.6386688232421,0.021739488632239443
2024-07-03,1533.927001953125,1556.2329594590622,1524.391963189475,1547.661278880494,9049620,-0.008146097436494082,-12.59814453125,1516.268519810268,1457.7687337239583,1442.0544091796876,1331.321499633789,0.021831658150094864
2024-07-04,1535.5079345703125,1548.822348177101,1532.321386398175,1538.447461634288,6837176,0.0010306439714371507,1.5809326171875,1530.3663678850446,1460.8441446940103,1443.520234375,1332.9996374511718,0.021666557198125855
2024-07-05,1569.695556640625,1579.4528899457323,1529.5546284867023,1535.3101717849263,12269710,0.022264699061864013,34.1876220703125,1540.896519252232,1464.222566731771,1446.0754174804688,1334.840562133789,0.0218015220943956
2024-07-08,1581.824462890625,1589.6303543798022,1563.6684106310508,1570.0662334946016,9500806,0.007726916342910117,12.12890625,1550.8267822265625,1468.1963175455728,1449.0539990234374,1336.702113647461,0.0217878792722935
2024-07-09,1571.3260498046875,1581.4291893561121,1561.6675000170792,1578.5637202787966,6960002,-0.006636901459187605,-10.4984130859375,1554.3380126953125,1472.2812255859376,1451.6289501953124,1338.4459594726563,0.021738974945626623
2024-07-10,1565.3480224609375,1578.4648673124634,1544.5241914718106,1575.9946562525065,7134578,-0.0038044474248314364,-5.97802734375,1557.7363106863838,1476.4978759765625,1454.2310668945313,1340.2482250976564,0.02169868133015668
2024-07-11,1561.815673828125,1585.1344421846698,1551.786592769845,1568.5840280306456,11940946,-0.00225658996090794,-3.5323486328125,1559.9206717354912,1481.1048177083333,1456.5160131835937,1342.0026922607422,0.02157104752381171
2024-07-12,1577.6990966796875,1586.023756297877,1555.7389442164904,1565.619788574804,12924784,0.010169844699170483,15.8834228515625,1566.173828125,1486.7657185872397,1459.079599609375,1343.8310192871095,0.02143094637710345
2024-07-15,1578.1932373046875,1586.7154660951303,1566.607970695329,1585.332123675554,5329688,0.00031320333898898767,0.494140625,1572.271728515625,1492.2602945963542,1461.6619580078125,1345.650577392578,0.021441688645473588
2024-07-16,1557.4681396484375,1580.9351457176842,1550.4280378276635,1574.5125966882063,9386838,-0.013132167320425991,-20.72509765625,1570.5249546595983,1494.4316121419272,1464.4730590820313,1347.419371948242,0.019265571789918744
2024-07-18,1567.7689208984375,1574.9078068261192,1539.2625884242743,1557.2210712967385,12298374,0.006613799016347954,10.30078125,1568.5170200892858,1500.6697184244792,1467.7762255859375,1349.373803100586,0.012759602242565001
2024-07-19,1536.6195068359375,1571.0294984478235,1534.2975325767013,1567.1018870092746,13140390,-0.019868625820602004,-31.1494140625,1563.5589425223213,1505.096337890625,1470.8131030273437,1351.2153454589843,0.013269383133708759
2024-07-22,1482.793701171875,1519.1798633102128,1481.4103587992008,1518.9328421942273,19674376,-0.03502871428132237,-53.8258056640625,1551.7654680524554,1507.371407063802,1472.4360302734376,1352.8120904541015,0.014946925117212781
2024-07-23,1470.1707763671875,1487.8080584659276,1445.5674511277782,1483.1146576505776,18052044,-0.00851293392648711,-12.6229248046875,1538.67333984375,1507.9626139322916,1474.2891796875,1354.381538696289,0.014276595157687538
2024-07-24,1477.8778076171875,1491.5134207568017,1458.8078508242754,1467.3053526491226,11913362,0.005242269383863185,7.70703125,1524.4131556919642,1508.762959798177,1476.0336401367188,1355.9844580078125,0.014302686335978755
2024-07-25,1474.6171875,1482.595920809754,1459.474721651074,1463.3530011800513,12519876,-0.002206285323713364,-3.2606201171875,1509.6165771484375,1509.939599609375,1477.8062622070313,1357.505860595703,0.014172666956995457
2024-07-26,1491.044189453125,1494.4037007697482,1472.59166375446,1474.6172851615388,9859940,0.011139841643223125,16.427001953125,1500.12744140625,1511.4447835286458,1479.5640698242187,1359.195361328125,0.014281635039790798
2024-07-29,1501.9871826171875,1509.2990318372968,1493.7614276294273,1493.9342700426573,7538550,0.007339147452146255,10.9429931640625,1490.7300502232142,1513.2513305664063,1481.6158251953125,1360.912651977539,0.014326694195086441
2024-07-30,1495.119873046875,1506.8286485865085,1492.0073831905756,1498.9486999408243,8228208,-0.004572149249866597,-6.8673095703125,1484.8015311104912,1514.4238525390624,1483.3509008789063,1362.6619317626953,0.014301624625836565
2024-07-31,1487.4869384765625,1492.4519658681731,1483.2628537354879,1486.0788700242824,10057346,-0.005105232502031765,-7.6329345703125,1485.4719935825892,1515.227490234375,1484.7287817382812,1364.3829278564453,0.014340137406040421
2024-08-01,1497.2445068359375,1499.9122867676688,1486.3755772216791,1493.983779705346,10764222,0.006559767421802309,9.757568359375,1489.3396693638392,1517.0933268229167,1486.2934155273438,1366.1528344726562,0.014062396276996547
2024-08-02,1481.4595947265625,1491.3404387261814,1475.481756476256,1487.0670219426547,10268248,-0.010542641524017071,-15.784912109375,1489.851353236607,1517.9373087565104,1487.0576953125,1367.8341833496095,0.014120126539705595
2024-08-05,1430.0792236328125,1466.2184833782828,1416.1719837774867,1462.3649300475706,17046704,-0.03468226286875775,-51.38037109375,1483.4887869698662,1517.7108723958333,1486.292421875,1369.3074169921874,0.015338898868509521
2024-08-06,1438.700439453125,1459.8948030686215,1434.0316438440889,1437.8111393077952,10236186,0.006028488266833332,8.6212158203125,1476.0111083984375,1518.1909220377604,1485.8141918945312,1370.7986840820313,0.015286876898408814
2024-08-07,1447.3707275390625,1454.954323788822,1444.0853950542364,1451.4960282823629,8174568,0.006026472118986215,8.6702880859375,1468.2087576729912,1518.5425130208334,1485.7860302734375,1372.2427691650391,0.015243082082578078
2024-08-08,1431.85791015625,1447.5437511456266,1428.6960880928925,1440.157843842289,12387192,-0.010717929475600685,-15.5128173828125,1459.1713344029017,1516.404960123698,1485.6462182617188,1373.598544921875,0.013267640226659891
2024-08-09,1456.73291015625,1458.9066476361847,1438.6509170052725,1442.603254689353,6249776,0.01737253384121451,24.875,1454.7779017857142,1514.5523030598958,1486.3087280273437,1375.0789422607422,0.013523802852558569
2024-08-12,1443.2208251953125,1455.4483700557605,1440.3800824499558,1452.4841167562581,8184584,-0.009275609047294853,-13.5120849609375,1447.0602329799108,1511.101416015625,1487.015703125,1376.5047479248046,0.01281569527013549
2024-08-13,1446.1851806640625,1452.5582774619256,1440.6272053348387,1443.3444377180147,6265064,0.0020539860685206968,2.96435546875,1442.021030970982,1507.922257486979,1487.6722875976564,1377.917709350586,0.012837305316312981
2024-08-14,1444.4312744140625,1454.4603560192809,1436.3783617708266,1446.1110904012166,6267466,-0.0012127812353841527,-1.75390625,1444.071323939732,1504.5191284179687,1486.7143408203126,1379.3990948486328,0.012800044180990655
2024-08-16,1460.58642578125,1462.7602840003062,1440.676620060605,1451.1502913945535,9416902,0.011184437538394487,16.1551513671875,1447.1978934151787,1502.074442545573,1488.3135546875,1381.0053497314452,0.01297543031005886
2024-08-19,1475.65625,1485.47150978375,1467.8238660907393,1469.8067419652286,13797742,0.01031765320610134,15.06982421875,1451.2386823381696,1500.0793863932292,1489.7502612304688,1382.7043682861329,0.013148740341765079
2024-08-20,1483.1416015625,1491.0484162933285,1477.2674041310693,1484.4057091952604,8411808,0.005072557760318563,7.4853515625,1458.5649239676338,1497.1942545572917,1491.1222607421876,1384.5294946289061,0.01244479458107997
2024-08-21,1485.8433837890625,1494.964564922092,1477.2426107826689,1480.464784262564,7769996,0.001821661683359288,2.7017822265625,1462.7235630580358,1493.9948852539062,1491.7904370117187,1386.381098022461,0.012334911346141324
2024-08-22,1485.2979736328125,1493.6012664349316,1477.8869991875908,1490.1312336221058,10445782,-0.0003670710938989963,-0.54541015625,1468.734584263393,1491.1272827148437,1492.4190478515625,1388.3076635742189,0.01230689682576707
2024-08-23,1487.1322021484375,1498.3849993365056,1485.5955458508122,1490.8749048344312,9249654,0.001234922923336823,1.834228515625,1474.5841587611608,1488.520088704427,1493.37533203125,1390.1463201904296,0.012312998483762005
2024-08-26,1499.649169921875,1509.9601498448217,1490.1313888488291,1494.0723308917522,8816114,0.008416849393318548,12.5169677734375,1482.4724295479912,1486.447871907552,1494.4505419921875,1391.9322027587891,0.012447824219383176
2024-08-27,1487.6031494140625,1500.516654009415,1486.6117113802566,1497.5671500638725,6251156,-0.008032559047420396,-12.0460205078125,1486.3319614955358,1483.4446736653647,1495.2467895507812,1393.7186224365234,0.012313513917628617
2024-08-28,1485.4716796875,1494.5680511870519,1480.2170096090344,1492.1142662167426,9610286,-0.0014328214668017925,-2.1314697265625,1487.734165736607,1480.353955078125,1495.7573388671874,1395.47091796875,0.012306895232429277
2024-08-29,1507.90283203125,1523.8401488737275,1481.2083164719252,1490.2303777286736,38335358,0.015100356775882062,22.43115234375,1491.271484375,1478.701778157552,1496.6478393554687,1397.279048461914,0.012499646193489736
2024-08-30,1496.6995849609375,1526.5418444404818,1490.4534771750382,1520.865886117465,41620730,-0.00742968766443719,-11.2032470703125,1492.8223702566963,1476.3328002929688,1497.7564428710937,1399.032398071289,0.012467557460359695
2024-09-02,1503.2679443359375,1513.7276641806195,1493.7253530981907,1497.9389648135596,11240852,0.0043885623013462105,6.568359375,1495.3895089285713,1475.2210815429687,1498.6989990234374,1400.7709143066406,0.012011375449144419
2024-09-03,1496.203857421875,1509.9600595401412,1494.5927706873033,1508.2250430567562,10923800,-0.004699153561198988,-7.0640869140625,1496.6854596819196,1475.668086751302,1499.8856298828125,1402.511657104492,0.010151275317607233
2024-09-04,1501.5823974609375,1504.50709100704,1486.6612078847159,1487.850885016148,11983304,0.0035947909186186955,5.3785400390625,1496.961635044643,1476.7151407877604,1501.431298828125,1404.2494030761718,0.010026663493965634
2024-09-05,1480.192138671875,1512.7113538076746,1474.3179410781217,1506.0439573959175,16264168,-0.014245144871990911,-21.3902587890625,1495.9029192243304,1476.79228515625,1502.298681640625,1405.9428173828126,0.01035183497883427
2024-09-06,1452.2830810546875,1484.182646260627,1449.110527949692,1479.721175380084,19394228,-0.01885502353919355,-27.9090576171875,1491.1616908482142,1476.0478149414062,1501.4246533203125,1407.4859411621094,0.010911136066794096
2024-09-09,1449.928466796875,1457.3395627288749,1443.1371406451965,1453.943839140462,9010298,-0.0016213190723826099,-2.3546142578125,1482.879638671875,1474.6772908528646,1500.1769702148438,1409.0180322265626,0.010690211104796708
2024-09-10,1449.011474609375,1459.446383962114,1445.0952218200862,1447.995226435091,10768260,-0.000632439605469437,-0.9169921875,1476.0670514787946,1472.9114339192708,1498.2222509765625,1410.4421606445312,0.01057744947378158
2024-09-11,1439.072265625,1456.1745712275017,1435.1561339115874,1450.5234230036904,9760202,-0.006859303158420094,-9.939208984375,1466.896240234375,1471.0431803385416,1496.1724975585937,1411.806094970703,0.010611216172543089
2024-09-12,1467.1298828125,1473.2767495080643,1433.4953029575859,1444.5250498204912,22349376,0.01949701752838262,28.0576171875,1462.7428152901787,1470.3646118164063,1494.5845922851563,1413.3230383300781,0.011232897584401708
2024-09-13,1460.016357421875,1470.451266381587,1456.918113729867,1463.7590600068495,8711328,-0.004848599618861527,-7.113525390625,1456.8048095703125,1469.123673502604,1493.1063793945314,1414.8197296142578,0.011182227097112132
2024-09-16,1458.7523193359375,1468.2206009201684,1452.2088525514882,1464.8993077290233,5481774,-0.000865769811079109,-1.2640380859375,1453.741978236607,1468.3667643229167,1491.5712670898438,1416.2371063232422,0.011029372358782537
2024-09-17,1459.6942138671875,1464.8248328952707,1454.0677548146177,1461.3796100548857,5935328,0.0006456850273792725,0.94189453125,1454.8007114955358,1469.3539306640625,1489.371240234375,1417.636219482422,0.008936382265390215
2024-09-18,1450.9197998046875,1469.3110219373734,1448.0447266088618,1457.413766699014,8574714,-0.006011131632325806,-8.7744140625,1454.9423304966517,1469.7612426757812,1486.7531469726562,1418.973427734375,0.00896016860196232
2024-09-19,1457.0916748046875,1463.8581906691413,1443.0876132109174,1453.6959512825117,16955902,0.00425376716261705,6.171875,1456.096644810268,1470.085274251302,1484.4684594726561,1420.345447998047,0.008927026900560752
2024-09-20,1473.2025146484375,1482.1997658201985,1458.7770437683578,1461.3795684407844,30897320,0.011056847089535138,16.11083984375,1460.9723946707588,1471.463427734375,1482.6255493164062,1421.796787109375,0.008888668549300047
2024-09-23,1480.5887451171875,1488.6441789861601,1476.2015834923338,1478.2340798324108,8832314,0.005013723772059109,7.38623046875,1462.8950892857142,1472.2586222330729,1481.0010107421874,1423.2694952392578,0.008374618390217466
2024-09-24,1476.6229248046875,1487.6526722077606,1475.1357678514642,1475.7554165819738,17137444,-0.0026785427929117978,-3.9658203125,1465.2674560546875,1473.3720255533854,1478.9794873046876,1424.7798065185548,0.008191641576198729
2024-09-25,1481.15869140625,1483.6869066134093,1467.5264194610884,1471.1948125268714,7069002,0.0030717162285438526,4.5357666015625,1468.4683663504463,1474.5378092447916,1477.0387963867188,1426.2711737060547,0.008199137562774392
2024-09-26,1485.12451171875,1491.122760061236,1475.309372285805,1477.8870868947113,18818998,0.00267751209611089,3.9658203125,1472.1012660435267,1475.8942504882812,1475.591923828125,1427.7183911132813,0.008196490222447271
2024-09-27,1513.10791015625,1520.345334807694,1479.2254687210307,1486.1655345930462,20597478,0.01884245948180774,27.9833984375,1480.9852818080358,1477.6449666341146,1474.4987036132814,1429.262173461914,0.008633525415643705
2024-09-30,1463.9324951171875,1511.9181178232873,1461.7761901136828,1506.3908994638518,27008814,-0.03249960872518631,-49.1754150390625,1481.9625418526787,1477.2541748046874,1473.0449633789062,1430.502399291992,0.010429131682244602
2024-10-01,1452.2830810546875,1475.2100841908111,1450.3002051077794,1467.9726595996829,16431642,-0.007957616967555259,-11.6494140625,1478.9740513392858,1476.2255574544272,1472.4347509765626,1431.6943829345703,0.010472656546037096
2024-10-03,1394.928466796875,1436.9902726871705,1390.070396353704,1424.2750076222521,37757294,-0.03949272356471989,-57.3546142578125,1466.7368687220983,1473.1950602213542,1470.9299047851562,1432.6028045654298,0.012630821903379583
2024-10-04,1374.653564453125,1405.2145916660443,1369.9442340651563,1391.9046094477658,37072876,-0.01453472549048096,-20.27490234375,1452.1698172433037,1469.5069132486979,1468.865419921875,1433.4009588623046,0.012830003596365294
2024-10-07,1358.98876953125,1384.5431070803497,1349.7188488374588,1381.568793209071,22181340,-0.011395449244047784,-15.664794921875,1434.7169712611608,1465.2354654947917,1466.5528515625,1434.2079876708985,0.012910307500603594
2024-10-08,1385.3857421875,1389.004514771482,1353.4118695241307,1361.2194430814652,17020808,0.01942398145450097,26.39697265625,1420.4685756138392,1461.4266845703125,1464.4396826171876,1435.1225463867188,0.013390998373300515
2024-10-09,1362.8306884765625,1388.979866453412,1360.7486928237201,1385.5594536683957,14310610,-0.016280702929224233,-22.5550537109375,1399.0004010881696,1457.2676025390624,1461.656552734375,1435.8497296142577,0.013590613455325603
2024-10-10,1359.31103515625,1374.132983939481,1357.699948504806,1368.209166456891,22358646,-0.0025826049780599547,-3.5196533203125,1384.054478236607,1453.0622477213542,1458.9403759765626,1436.4816259765626,0.013588170802336538
2024-10-11,1360.35205078125,1371.4314188021033,1357.1050671377104,1358.2700551936466,7980122,0.0007658406340240731,1.041015625,1370.9214739118304,1448.143888346354,1456.3976782226562,1437.0559838867186,0.013180600358405053
2024-10-14,1360.7734375,1368.2587216327886,1356.5350159311083,1367.6390728953818,12221432,0.0003097629900348231,0.42138671875,1366.0421840122767,1443.613016764323,1453.6682568359374,1437.5408044433593,0.013173571869893716
2024-10-15,1332.5174560546875,1359.9554295521655,1329.2208521541709,1346.8933067731043,33762794,-0.020764648005787145,-28.2559814453125,1360.022739955357,1437.9213338216146,1450.6894140625,1437.9607977294922,0.013478497011676431
2024-10-16,1342.4814453125,1352.3215164873245,1326.1723376036346,1328.5270030007441,20034438,0.0074775675264426855,9.9639892578125,1357.66455078125,1432.7972534179687,1448.9374584960938,1438.3431652832032,0.013636714616297388
2024-10-17,1344.811279296875,1356.7332239102464,1340.4737382347967,1354.0067695283685,15543660,0.0017354682945600608,2.329833984375,1351.868198939732,1427.5715494791666,1447.0596752929687,1438.7310064697265,0.013607473980901615
2024-10-18,1347.66162109375,1356.70849216764,1329.840427555484,1340.5976258716714,12082452,0.0021195106263276475,2.850341796875,1349.7011893136162,1423.1538655598958,1445.0654931640624,1439.1009869384766,0.013492653545005201
2024-10-21,1357.4769287109375,1362.2358797577067,1346.1002013000875,1355.4197431686716,14067408,0.007283213726322124,9.8153076171875,1349.439174107143,1419.9936604817708,1443.5778735351562,1439.4983056640624,0.013277946990332785
2024-10-22,1331.84814453125,1364.2186177698431,1328.749900940748,1357.4767913068545,15831960,-0.018879719896252367,-25.6287841796875,1345.3671875,1416.0576497395834,1441.0801782226563,1439.7212878417968,0.013623109229964705
2024-10-23,1327.064453125,1345.8521531156357,1323.5696102860716,1326.048205061888,17214742,-0.003591769396453004,-4.78369140625,1340.5516183035713,1411.9927490234375,1438.75705078125,1439.9712384033203,0.013618058091031733
2024-10-24,1328.3287353515625,1332.1952468902052,1311.7964576126847,1323.8424540123256,22155934,0.000952690898761821,1.2642822265625,1339.9532296316963,1408.3012980143228,1436.399921875,1440.2144177246093,0.013613153928922808
2024-10-25,1316.4808349609375,1332.8395608533488,1310.6809472586556,1331.996862815434,18597496,-0.008919403815719762,-11.847900390625,1336.2388567243304,1403.2796630859375,1433.8409130859375,1440.3453717041016,0.012999163012136921
2024-10-28,1322.9251708984375,1341.4155124030337,1310.7800563182918,1325.552505604476,10824350,0.004895123245520772,6.4443359375,1333.112269810268,1398.7099568684896,1431.0876879882812,1440.578701171875,0.013086319491703278
2024-10-29,1328.52685546875,1331.6994085045892,1308.995576227512,1316.728719636798,12008361,0.004234317022260736,5.6016845703125,1330.3787318638392,1394.3691080729166,1428.1451000976563,1440.8070623779297,0.013150626617283065
2024-10-30,1332.3935546875,1338.4413022928309,1314.0023313459362,1323.569732267355,11984423,0.0029105164135998507,3.86669921875,1326.7953927176338,1390.125752766927,1425.1301391601562,1441.0274609375,0.013178911935708299
2024-10-31,1320.64501953125,1331.5012170832633,1314.7955112005386,1328.5269031210519,9331650,-0.008817616322833066,-11.74853515625,1325.1949462890625,1385.7832600911458,1421.826171875,1441.2393853759766,0.013211295626403299
2024-11-01,1327.1884765625,1330.4601492824747,1321.5868277686543,1321.6364480777281,2127335,0.004954743276563756,6.54345703125,1325.2126639229912,1381.4531534830728,1418.6639819335937,1441.5009478759766,0.013225263350310934
2024-11-04,1291.0009765625,1328.52687951389,1274.0969107675833,1326.3952636738204,19796890,-0.027266285564600312,-36.1875,1319.880126953125,1375.3797688802083,1414.741357421875,1441.4096459960938,0.01366206711881864
2024-11-05,1294.1240234375,1298.337634786513,1275.1379622128013,1281.9292880644173,16267479,0.0024190894752966763,3.123046875,1316.6862967354912,1369.1642781575522,1410.6308544921876,1441.1617852783204,0.01360918520145291
2024-11-06,1314.0023193359375,1316.9271340293028,1289.0676296160968,1298.7837703539942,21625209,0.015360425692149793,19.8782958984375,1315.4116036551338,1363.7435913085938,1407.158837890625,1440.9598370361327,0.014077686359645174
2024-11-07,1294.4710693359375,1312.6639327180499,1291.4471349781516,1312.6639327180499,9611974,-0.014863938756113138,-19.53125,1310.5464913504463,1357.5206705729167,1403.3388256835938,1440.544625854492,0.01415707818452631
2024-11-08,1272.7584228515625,1290.505185727704,1264.0833410989228,1286.5394340693545,19814406,-0.016773373309542983,-21.712646484375,1302.0271868024554,1350.4418009440103,1398.6359375,1440.1171905517579,0.014267553400999783
2024-11-11,1261.802978515625,1274.9891511168566,1256.151830843746,1267.9994654475693,9056552,-0.008607638448302146,-10.9554443359375,1293.6211809430804,1342.0649698893228,1393.9380053710938,1439.6994506835938,0.013545647787760596
2024-11-12,1263.33984375,1278.2610337323058,1256.6476373969983,1264.6287615317467,10671091,0.0012179914460044294,1.536865234375,1284.4999476841517,1335.3785481770833,1389.139443359375,1439.2578997802734,0.012634651213360305
2024-11-13,1241.3299560546875,1264.5295076822267,1238.8017408266169,1259.374078659472,14633633,-0.017421984911027644,-22.0098876953125,1277.404087611607,1328.34677734375,1384.0419653320312,1438.70876953125,0.012832252756349876
2024-11-14,1256.746826171875,1261.7040163358736,1240.38809863068,1242.866693712679,12612633,0.012419639147505102,15.4168701171875,1272.064488002232,1323.74072265625,1379.14525390625,1438.428782348633,0.011467347934881272
2024-11-18,1249.9554443359375,1262.0014401044657,1233.24973843027,1256.7467703539512,13620611,-0.0054039379248916886,-6.7913818359375,1262.9149344308037,1319.5841186523437,1374.5405200195312,1438.0392498779297,0.011281493098516011
2024-11-19,1231.0189208984375,1270.5276979121372,1224.5745744010292,1249.9553610165642,14183746,-0.015149758756049403,-18.9365234375,1253.850341796875,1315.31845703125,1370.1152368164062,1437.509583129883,0.011396884882634026
2024-11-21,1212.5286865234375,1233.299264427905,1206.8279179645579,1231.0190296194417,19433843,-0.015020268219358646,-18.490234375,1245.24609375,1309.5565551757813,1365.3672412109374,1436.418247680664,0.01075298029943427
2024-11-22,1254.5655517578125,1257.9859641270039,1211.983221035894,1218.8737871048172,20471957,0.034668759346967004,42.036865234375,1244.2121756417412,1305.9477172851562,1361.4783227539062,1435.7368139648438,0.012661971743695044
2024-11-25,1275.9805908203125,1293.2811339485756,1271.4694999174592,1278.9549045518283,28923341,0.01706968522489305,21.4150390625,1246.0179966517858,1303.1700358072917,1358.2164892578126,1435.0685870361328,0.013165427954627239
2024-11-26,1284.606201171875,1286.737817131633,1273.2046638791435,1283.8626226527838,9247557,0.006759985546502145,8.6256103515625,1252.2003173828125,1300.645174153646,1354.566015625,1434.443364868164,0.013254394519716158
2024-11-27,1282.1275634765625,1292.6864023015983,1274.9892583407009,1282.4250432843673,9572746,-0.0019294922389845315,-2.4786376953125,1255.826136997768,1298.0236450195312,1351.0082397460938,1433.6523498535157,0.013248273136982071
2024-11-28,1259.91943359375,1285.4984608667178,1258.184417128475,1278.905374093644,15027412,-0.01732131069906484,-22.2081298828125,1257.2495640345983,1295.6037109375,1347.03158203125,1432.8425561523438,0.01309318898758775
2024-11-29,1281.1361083984375,1288.3736540571424,1264.3312830599236,1269.0406134614407,13202307,0.016839707555085237,21.2166748046875,1264.4091622488838,1293.5588663736978,1343.460419921875,1432.194302368164,0.013428791017193204
2024-12-02,1297.941162109375,1300.1222774340952,1266.1160245478172,1276.9722229086012,11024152,0.013117305492189812,16.8050537109375,1276.6109444754463,1291.9965291341146,1340.4008471679688,1431.5591784667968,0.013680915619384322
2024-12-03,1311.9698486328125,1315.4398813546288,1295.8093621182986,1305.7237413234882,16869482,0.010808414844197145,14.0286865234375,1284.811558314732,1290.8068033854167,1337.4984106445313,1430.9547979736328,0.013842259420846884
2024-12-04,1297.74267578125,1317.0262168141671,1292.884726573221,1314.6467414933138,19608540,-0.010844130958031162,-14.2271728515625,1287.9204275948662,1288.8156616210938,1333.9892138671876,1430.2267901611328,0.01387277508081584
2024-12-05,1310.7305908203125,1318.5628538088617,1294.966703202915,1303.0964459866593,16858723,0.010008081942164404,12.9879150390625,1291.6524832589287,1288.1117431640625,1330.59205078125,1429.6052209472657,0.013618320078943983
2024-12-06,1300.3204345703125,1312.5646685095264,1298.783657405313,1312.5646685095264,9037514,-0.007942254741674204,-10.41015625,1294.25146484375,1287.2202758789062,1327.0660009765625,1428.8686108398438,0.013676045642395555
2024-12-09,1284.0609130859375,1303.7409326166044,1282.0284168341586,1291.8436769577456,14650002,-0.012504242071492144,-16.259521484375,1297.7002476283483,1285.7446818033854,1323.1240454101562,1427.9702978515625,0.013843428530595373
2024-12-10,1273.8489990234375,1283.812998621138,1269.238788448007,1278.2113501165884,16043729,-0.007952826815636138,-10.2119140625,1296.6592320033483,1284.3236206054687,1318.89853515625,1427.0741583251954,0.01382556302292404
2024-12-11,1267.2559814453125,1278.9549980546296,1265.1244866020038,1273.9978081396894,11724373,-0.005175666490439101,-6.593017578125,1292.275634765625,1282.4679809570312,1313.9814965820312,1426.194581298828,0.013799614927213237
2024-12-12,1252.0870361328125,1267.25596445406,1249.8066803924569,1259.1262215126183,20906813,-0.011969914156727657,-15.1689453125,1283.720947265625,1279.9199869791667,1309.7445874023438,1425.1728344726562,0.013890724684887501
2024-12-13,1261.951904296875,1264.2817595214547,1228.986588963027,1249.2119494931856,28630222,0.007878739959269243,9.8648681640625,1278.6079799107142,1277.571931966146,1305.9379638671876,1424.2151086425781,0.013979146203719473
2024-12-16,1257.44091796875,1270.0321327010022,1255.7059013940218,1264.0835044447913,9486781,-0.0035746103419356245,-4.510986328125,1270.9951695033483,1275.4651285807292,1303.188212890625,1423.251255493164,0.013919932676628222
2024-12-17,1234.6376953125,1253.078416496042,1232.1591005022085,1250.2528426173371,17462791,-0.018134627504476253,-22.80322265625,1261.6119210379463,1272.3801025390626,1300.3878955078126,1422.1039739990235,0.014184257934579763
2024-12-18,1242.5196533203125,1249.162239402372,1230.027558928225,1230.027558928225,12670179,0.006384025076941802,7.8819580078125,1255.677455357143,1270.7640584309895,1298.0585131835937,1420.9374340820314,0.013454394465438543
2024-12-19,1219.914794921875,1234.2411461229626,1218.4772582835096,1228.3916379278016,14244653,-0.01819275722362368,-22.6048583984375,1247.9725690569196,1268.2904174804687,1294.7490942382813,1419.6889947509765,0.013786040946594816
2024-12-20,1194.980224609375,1228.8873545167635,1191.2127119418244,1213.5200660980383,20312896,-0.020439599893611327,-24.9345703125,1237.6474609375,1264.3230143229166,1291.3920849609376,1418.3241577148438,0.013792121647449014
2024-12-23,1211.834716796875,1216.6926661807136,1202.8125341694108,1204.5971709809228,10052824,0.014104410968817094,16.8544921875,1231.8971296037946,1261.5684692382813,1288.44255859375,1417.191929321289,0.013950961684675914
2024-12-24,1212.28076171875,1222.9883400626134,1210.5457452942906,1211.834663048231,6734917,0.00036807405803163107,0.446044921875,1224.8012520926338,1259.5525472005208,1285.4811328125,1416.0363641357421,0.013677735657033799
2024-12-26,1206.1339111328125,1217.1883476811242,1203.8535553911518,1213.767935093776,10016178,-0.005070484313569934,-6.1468505859375,1217.4716796875,1257.6969116210937,1282.3883422851563,1414.6953063964843,0.013629794471455837
2024-12-27,1210.595458984375,1217.3867853075249,1206.5800865394056,1207.86900439277,7000397,0.003699048513918557,4.4615478515625,1214.037074497768,1255.9387654622396,1279.94990234375,1413.3010913085936,0.013653817852510075
2024-12-30,1200.333984375,1212.7269598518426,1197.756269680847,1205.9852538075309,8818766,-0.008476386172787898,-10.261474609375,1208.0105503627233,1254.5722330729166,1277.106953125,1411.8911401367188,0.01338532396217242
2024-12-31,1205.043212890625,1208.6619856280877,1195.8229125326573,1197.6570485426987,6405475,0.0039232651719653955,4.709228515625,1205.8860386439733,1252.848779296875,1274.311591796875,1410.4909014892578,0.01317917966621719
2025-01-01,1210.7935791015625,1215.800389087432,1201.2261788160188,1204.4483521073844,5892590,0.004771917014613658,5.7503662109375,1208.1450892857142,1251.5433837890625,1271.5742309570312,1409.2383551025391,0.013201263669385848
2025-01-02,1231.167724609375,1233.7949384205442,1209.554328364606,1210.7936258321927,15486276,0.016827100720942623,20.3741455078125,1210.906947544643,1251.5483439127604,1269.048046875,1408.1485711669923,0.013307937135396406
2025-01-03,1240.437744140625,1251.244443122699,1224.921714407087,1233.2498182568117,15521102,0.00752945301111696,9.27001953125,1214.9293736049108,1252.4786458333333,1267.2198388671875,1407.0615368652343,0.013059598486792685
2025-01-06,1207.5714111328125,1251.1946805005002,1204.5970973122883,1243.213556672038,14816766,-0.026495753747466266,-32.8663330078125,1215.134730747768,1250.9121744791667,1264.8299780273437,1406.0238446044923,0.012351624871202874
2025-01-07,1230.2257080078125,1233.8444805890147,1210.7935491517349,1211.5371275851955,10070505,0.01876021299125341,22.654296875,1217.9390520368304,1249.38701171875,1262.8679174804688,1405.1028820800782,0.01244136949170807
2025-01-08,1254.664794921875,1260.167324257905,1234.6872949225542,1238.3060678446636,19346579,0.019865530979382928,24.4390869140625,1225.7005964006696,1248.38896484375,1261.6315966796874,1404.369575805664,0.012948144149383337
2025-01-09,1244.0067138671875,1258.8782824728921,1237.364128300027,1256.1518282285128,12794704,-0.008494763778998937,-10.6580810546875,1231.266810825893,1247.118269856771,1260.0532275390624,1403.4779956054688,0.0130248143343703
2025-01-10,1231.266845703125,1245.9896754309787,1225.4173374439545,1243.114481097643,8120332,-0.010240996308177985,-12.7398681640625,1234.1915631975446,1246.16318359375,1258.10802734375,1402.5929931640626,0.012779271909244983
2025-01-13,1229.234375,1234.5881643828388,1215.899582365329,1219.4687349455062,13764861,-0.0016507150421680716,-2.032470703125,1233.9153703962054,1244.433125813802,1256.04484375,1401.606431274414,0.012343242950955787
2025-01-14,1228.143798828125,1242.6187691440975,1216.742262047884,1233.4479678208604,13095266,-0.0008871995398558319,-1.090576171875,1232.1590924944196,1242.1065470377605,1254.1948193359376,1400.5787213134765,0.01204013596057347
2025-01-15,1241.478515625,1246.2374660533972,1231.2171573529768,1234.2905907014622,9578856,0.010857618472363662,13.334716796875,1237.002964564732,1239.7568359375,1252.4806201171875,1399.5976763916015,0.012041911798759268
2025-01-16,1255.6065673828125,1264.0834104275011,1240.586378973141,1248.1212833322295,14117603,0.011380021144143493,14.1280517578125,1240.6288016183037,1238.3522989908854,1251.7727319335938,1398.7537200927734,0.012147506810087312
2025-01-17,1291.19921875,1314.6467509950228,1273.997794139219,1310.9288585996749,29366277,0.028346977701285025,35.5926513671875,1245.8480050223213,1237.7012532552083,1251.7142358398437,1397.8344067382814,0.013142699446953593
2025-01-20,1294.272705078125,1304.7324245206253,1289.1172758229052,1304.7324245206253,14040244,0.0023803347179069956,3.073486328125,1253.0288609095983,1237.4996622721353,1251.3196435546874,1396.9650439453126,0.013073831719233892
2025-01-21,1262.7945556640625,1301.7581181984158,1259.324522599558,1299.2795231523412,14562976,-0.024321110451110406,-31.4781494140625,1257.5328194754463,1236.7907836914062,1250.68611328125,1395.9436010742188,0.013627574152792109
2025-01-22,1266.1654052734375,1271.9157939003728,1257.83730213362,1267.3552034506358,10273590,0.00266935709712679,3.370849609375,1262.8086809430804,1236.5346638997396,1250.5542529296874,1394.9282678222655,0.01356420752639204
2025-01-23,1252.83056640625,1266.4132176584087,1250.7980702365203,1259.126173066555,8720682,-0.01053167209564354,-13.3348388671875,1266.3353620256696,1236.053816731771,1250.3748046875,1393.922095336914,0.013667996934283319
2025-01-24,1235.6292724609375,1262.1006196074513,1232.8531975505623,1255.1605533566642,14235970,-0.013729944340881262,-17.2012939453125,1265.499755859375,1235.505224609375,1249.8205932617188,1392.8727740478516,0.013723519290212522
2025-01-27,1218.82421875,1229.8291557820492,1209.5542981292017,1228.4907387555406,9536019,-0.013600401095603454,-16.8050537109375,1260.2451346261162,1234.0676350911458,1249.370478515625,1391.7533850097657,0.013839230613987593
2025-01-28,1223.8311767578125,1234.0925365684338,1208.0672872533735,1227.400329601704,10568025,0.004108023069107958,5.0069580078125,1250.621128627232,1232.9473103841146,1248.7121655273438,1390.5311975097657,0.01386226773512234
2025-01-29,1224.921630859375,1232.1095562529247,1217.53546627882,1225.4173498520336,5928156,0.0008910167695281856,1.0904541015625,1240.713832310268,1232.6234415690103,1248.2114892578124,1389.4247564697266,0.013472046505428204
2025-01-30,1242.3214111328125,1246.237542749693,1221.8481926097397,1224.971246456504,9269259,0.01420481101409754,17.3997802734375,1237.789097377232,1232.6168334960937,1248.4375390625,1388.3266381835938,0.013677457458784181
2025-01-31,1254.2681884765625,1256.1519448799122,1238.306060895825,1245.09738698474,6584612,0.0096164947627011,11.94677734375,1236.0894949776787,1233.7619466145834,1249.2723291015625,1387.349638671875,0.013334033383571491
2025-02-01,1253.7724609375,1259.6715896071485,1230.374548522757,1254.2681799336815,7118453,-0.00039523248984307813,-0.4957275390625,1236.2240513392858,1235.7216878255208,1249.2564672851563,1386.3816473388672,0.012709631630747635
2025-02-03,1235.232666015625,1245.2461659154887,1226.9541826685895,1240.2889757645512,9252345,-0.014787208604033264,-18.539794921875,1236.1673932756696,1236.501619466146,1248.4415087890625,1385.31638671875,0.012829792219293918
2025-02-04,1274.196044921875,1277.7653184740125,1235.9265630557768,1237.3642207434832,16691069,0.03154335209732628,38.96337890625,1244.0776541573662,1238.5654622395834,1248.2333056640625,1384.4529840087891,0.01400890574072113
2025-02-05,1267.2559814453125,1279.4507170461238,1265.7688244708304,1271.6679530846961,10112028,-0.005446621423933262,-6.9400634765625,1250.2811976841517,1240.6028645833333,1247.9358740234375,1383.5262255859375,0.014015393299049352
2025-02-06,1270.577392578125,1276.9721191435924,1259.4732145791813,1262.7945076095025,9956001,0.0026209472919784815,3.3214111328125,1256.8034493582588,1242.6022623697916,1248.149033203125,1382.5680291748047,0.0140115888728946
2025-02-07,1255.8544921875,1272.7089385364054,1251.1947819010975,1265.2236540965398,8764283,-0.01158756678390982,-14.722900390625,1258.7367466517858,1244.4529459635417,1247.6434008789063,1381.6376196289064,0.014100796578035837
2025-02-10,1242.916259765625,1255.6562137259161,1234.8856362555493,1253.673337746878,6970972,-0.010302333990412138,-12.938232421875,1257.1150425502233,1245.715380859375,1246.5429028320314,1380.6877239990235,0.014258433128526994
2025-02-11,1224.2772216796875,1253.7230036544372,1219.567891058193,1253.7230036544372,8859714,-0.014996213895739241,-18.6390380859375,1252.9014369419642,1246.1648356119792,1244.7890502929688,1379.5962176513672,0.01453835825876313
2025-02-12,1206.1339111328125,1216.3952699200001,1183.1324776076385,1209.0089844264594,21131654,-0.014819609664862288,-18.143310546875,1248.7444719587054,1245.3303751627604,1242.956875,1378.4506762695312,0.014458568980008425
2025-02-13,1205.687744140625,1217.4858807075602,1201.622872489872,1206.629682868639,8511216,-0.0003699149721845263,-0.4461669921875,1238.9575718470983,1244.1720418294271,1240.8560180664062,1377.2412731933593,0.014377421941556324
2025-02-14,1206.827880859375,1213.5200872227356,1195.1288642881832,1208.56289732395,10298145,0.0009456318389988727,1.14013671875,1230.324986049107,1244.1472574869792,1238.9861669921875,1376.027813720703,0.013537758491739342
2025-02-17,1214.412353515625,1216.9900679473901,1194.1869953911457,1200.7304615718228,8166683,0.006284634931411404,7.58447265625,1222.3014090401787,1243.6201456705728,1237.5931958007814,1374.8544989013672,0.01312920759786437
2025-02-18,1214.908203125,1219.3696743222742,1205.6877809072391,1214.362863790828,6673250,0.0004083041546305566,0.495849609375,1216.451939174107,1242.2949259440104,1236.4143798828125,1373.8444744873048,0.0125646790354301
2025-02-19,1216.9405517578125,1222.1952216847485,1207.125412159616,1209.0586678925579,6217338,0.0016728413122777397,2.0323486328125,1212.7411237444196,1241.3927205403645,1235.4080712890625,1372.9161242675782,0.01249237715451166
2025-02-20,1222.4429931640625,1228.738599945727,1211.5371757067999,1213.4704313005311,7795582,0.004521536732671194,5.50244140625,1212.4790910993304,1241.0985921223958,1234.8151904296874,1372.1044610595702,0.012392226322571072
2025-02-21,1217.634521484375,1229.3830367840985,1211.6858938870325,1218.1797397323817,6904025,-0.003933493591583903,-4.8084716796875,1214.122035435268,1240.7119303385416,1233.9288427734375,1371.1843969726563,0.01240865630495442
2025-02-24,1204.1510009765625,1212.7764626626977,1200.1356289010387,1206.1338768607443,7172498,-0.011073536656446947,-13.4835205078125,1213.9025006975446,1239.9121704101562,1232.8630444335938,1370.3175854492188,0.012565301526916244
2025-02-25,1193.6912841796875,1210.5457292220917,1191.2126893205104,1200.6313497853835,11552182,-0.008686383010429899,-10.459716796875,1212.025844029018,1238.3192626953125,1232.0441162109375,1369.332767944336,0.012457961537036282
2025-02-27,1196.7647705078125,1204.597154814102,1190.370043898487,1202.416039651657,11509215,0.002574774875932162,3.073486328125,1209.5047607421875,1236.3578694661458,1231.1290185546875,1368.386661376953,0.012252588163748385
2025-02-28,1189.82470703125,1206.9270123506615,1183.0830013175257,1191.7084634163882,23007298,-0.005799020532345489,-6.9400634765625,1205.9214041573662,1232.9787190755208,1230.527216796875,1367.3200158691407,0.010892298348983679
2025-03-03,1161.2216796875,1196.1202465389174,1146.1022512006402,1193.6912720117396,17944938,-0.024039698599903736,-28.60302734375,1197.9615652901787,1228.5436848958334,1229.8520458984376,1366.1291271972657,0.011520294807009435
2025-03-04,1151.9517822265625,1163.948157257321,1149.6219272411693,1152.2491409974891,11377373,-0.007982883563999676,-9.2698974609375,1187.891392299107,1224.84892578125,1228.6543872070313,1364.8470556640625,0.010872232386546147
2025-03-05,1165.5345458984375,1172.8712116641736,1147.0938223968292,1151.0595745918054,8664095,0.01179108698944109,13.582763671875,1180.4485386439733,1221.4945638020833,1227.719462890625,1363.5817639160157,0.01116001321761965
2025-03-06,1199.243408203125,1203.5561393973805,1175.002796955133,1186.75131332057,14468014,0.02892137553821139,33.7088623046875,1179.7474539620537,1219.7083251953125,1227.5816528320313,1362.4829168701172,0.012454406431650668
2025-03-07,1239.0992431640625,1244.0564330934674,1201.622838887705,1205.5885908312287,16474965,0.03323414970498373,39.8558349609375,1186.2343052455358,1219.8239908854166,1228.151728515625,1361.4621850585938,0.01373454483023835
2025-03-10,1227.7967529296875,1247.2289120927182,1224.8224391488623,1234.3402190424754,11931051,-0.009121537517458145,-11.302490234375,1190.667445591518,1220.1230753580728,1228.7009838867189,1360.259454345703,0.013603256341665225
2025-03-11,1236.62060546875,1238.801720552263,1219.2208210077197,1229.3830600118497,10089838,0.0071867371517375656,8.8238525390625,1197.352573939732,1220.5493896484375,1229.3325317382812,1359.1294976806641,0.013644266559610601
2025-03-12,1246.287109375,1252.1861167007874,1233.3487958636417,1247.2289270068015,11977555,0.007816871127249048,9.66650390625,1209.5047781808037,1221.261572265625,1230.04240234375,1358.1170391845703,0.013710664406281497
2025-03-13,1237.215576171875,1253.326444606414,1233.2002036288977,1249.2615727756533,9505270,-0.0072788470127675975,-9.071533203125,1221.6853201729912,1221.091377766927,1230.163359375,1357.1088745117188,0.013539158326865712
2025-03-17,1228.2427978515625,1246.6340190017775,1222.5420300210542,1231.5145912773855,16640917,-0.007252396828106189,-8.9727783203125,1230.6436418805804,1220.2238647460938,1229.9194604492188,1356.1320513916016,0.013474016473891699
2025-03-18,1228.2427978515625,1228.2427978515625,1228.2427978515625,1228.2427978515625,0,0.0,0.0,1234.786411830357,1219.3728759765625,1230.3328881835937,1355.233905029297,0.01347442861734333
2025-03-19,1236.471923828125,1242.5196714129374,1228.1934407470596,1230.4241762433128,16162399,0.006699917956740187,8.2291259765625,1234.4110804966517,1219.4141845703125,1230.4578125,1354.3494848632813,0.013263645113294462
2025-03-20,1258.2835693359375,1262.1005814534499,1239.347127629136,1241.1316434245866,15971477,0.01764022707469448,21.8116455078125,1238.7663399832588,1218.883768717448,1230.5301879882813,1353.1792596435546,0.01233837482708212
2025-03-21,1265.4217529296875,1270.0319634187874,1259.2252659887295,1264.0833359554676,21780769,0.005672953035154915,7.13818359375,1242.8807896205358,1218.822627766927,1230.9584887695312,1352.6032397460938,0.012346872577328711
2025-03-24,1290.9512939453125,1294.8179260458828,1273.254151243817,1279.9463572168718,20299319,0.020174729062875096,25.529541015625,1249.2613874162946,1219.5017578125,1232.152177734375,1352.0388916015625,0.012878632086068851
2025-03-25,1274.4439697265625,1296.50346593687,1271.6183955406093,1296.50346593687,13713899,-0.012786945794292182,-16.50732421875,1254.5797293526787,1220.121407063802,1233.0563696289062,1351.3384033203124,0.01291959955257449
2025-03-26,1262.150146484375,1282.7224842048433,1257.8869148358597,1279.9464094999762,12074747,-0.009646421132837424,-12.2938232421875,1259.4236363002233,1220.7625366210937,1233.7364965820314,1350.386981201172,0.01290110750359104
2025-03-27,1267.2559814453125,1273.9978081396894,1260.4151561828103,1267.2064821612498,15028056,0.004045346724523613,5.1058349609375,1264.9969482421875,1222.1951619466147,1234.2520458984375,1349.4539239501953,0.01257195464273756
2025-03-28,1264.1824951171875,1284.6557128160619,1258.1347478785124,1269.0405652360093,18147129,-0.002425308203808707,-3.073486328125,1268.955601283482,1224.1301147460938,1234.423564453125,1348.5782464599608,0.012225327328813535
2025-04-01,1241.8751220703125,1266.9585500115554,1238.603449529153,1253.7723771839194,12099648,-0.017645690501992828,-22.307373046875,1266.611537388393,1225.3363606770833,1233.4370825195313,1347.5581787109375,0.012720122312766804
2025-04-02,1240.437744140625,1244.8000957785905,1233.2498182568117,1236.8685913550723,10142590,-0.0011574254964470398,-1.4373779296875,1263.0423932756696,1226.456689453125,1232.3603833007812,1346.5214135742187,0.01272659038676315
2025-04-03,1238.0086669921875,1241.08222182284,1222.4927580494818,1222.4927580494818,7434366,-0.0019582418867142293,-2.4290771484375,1255.4791608537946,1227.243233235677,1231.8646655273437,1345.4117358398437,0.012697372534816651
2025-04-04,1194.38525390625,1234.7863505024063,1182.9342181609516,1230.473619610667,17908652,-0.03523675903814394,-43.6234130859375,1244.042201450893,1226.5591349283854,1230.4290625,1344.0667730712892,0.01429474187586615
2025-04-07,1155.7191162109375,1161.2216449878495,1105.304523000697,1122.5059464290011,22156106,-0.032373254415905106,-38.6661376953125,1228.8377685546875,1224.5184204101563,1228.4868334960938,1342.6390216064453,0.015425573433097335
2025-04-08,1172.0780029296875,1186.3547349162204,1153.3399207865864,1161.9653833278503,19555040,0.014154725390701506,16.35888671875,1215.2409144810267,1222.8395874023438,1227.2158081054688,1341.2187109375,0.015656024409211357
2025-04-09,1175.2010498046875,1179.613021672609,1157.9996241138485,1159.4867811653644,10223104,0.0026645384242292014,3.123046875,1202.5292794363838,1221.425138346354,1226.3433447265625,1339.9103546142578,0.015663846464850188
2025-04-11,1208.5133056640625,1212.1816988912137,1184.917153801556,1184.917153801556,11224242,0.02834600587270697,33.312255859375,1197.7633056640625,1221.5705485026042,1226.0369873046875,1338.8314263916016,0.01642978844175082
2025-04-15,1229.4822998046875,1240.288998738938,1226.5079856590305,1240.288998738938,13378535,0.01735106601006997,20.968994140625,1196.1982421875,1222.763582356771,1226.1282006835938,1337.7947229003905,0.016627908708470408
2025-04-16,1228.689208984375,1230.2754856402491,1218.477348782242,1223.5336585713449,8248464,-0.0006450607873236258,-0.7930908203125,1194.8668910435267,1223.8277303059897,1225.855556640625,1336.458246459961,0.016628579635767124
2025-04-17,1263.5877685546875,1269.238916912585,1217.0893007676923,1229.5813957339365,15398401,0.028403081361119353,34.8985595703125,1204.752964564732,1226.2864990234375,1226.0419482421876,1335.2146221923829,0.01730426593046808
2025-04-21,1284.4078369140625,1289.7616259352505,1256.1518559398821,1259.126169726638,10429964,0.016476946736505127,20.820068359375,1223.1370675223213,1230.392704264323,1226.6546557617187,1333.902924194336,0.01676222222423936
2025-04-22,1280.144775390625,1292.7361113748846,1275.2868257139828,1288.8694787336528,13051707,-0.003319087131763432,-4.2630615234375,1238.5751778738838,1234.6658040364584,1227.5528979492187,1332.5958483886718,0.016673422558868927
2025-04-23,1288.869384765625,1294.8180126953125,1274.3944143417477,1285.8950708007812,10480888,0.006815330221019433,8.724609375,1254.813511439732,1238.7769653320313,1227.8463647460937,1331.307569580078,0.016614370118991004
2025-04-24,1290.4556884765625,1293.3308829080645,1279.2525115884996,1281.3345072026398,10468940,0.0012307715038371025,1.5863037109375,1266.519566127232,1241.8173746744792,1228.3103588867189,1330.0902130126954,0.015907032794337243
2025-04-25,1289.2659912109375,1313.85358083958,1277.071255478384,1292.3394247863746,14431012,-0.0009219202768825374,-1.189697265625,1275.060093470982,1243.489599609375,1228.684130859375,1328.8590032958984,0.01482183401455918
2025-04-28,1357.0804443359375,1362.8307123815491,1308.8964585313056,1328.5269802313521,31104496,0.05259927244439733,67.814453125,1293.4016985212054,1247.7990559895834,1230.7086499023437,1327.795927734375,0.017371053113080986
2025-04-29,1387.7156982421875,1398.8198762816546,1358.2700385179512,1359.2614765022709,32538970,0.022574383142954124,30.63525390625,1311.1342599051338,1252.8355590820313,1233.604638671875,1326.8253839111328,0.0177079534812003
2025-04-30,1392.9703369140625,1400.3070020394923,1357.2785702742715,1389.9960230274132,25480745,0.0037865383223170124,5.254638671875,1326.6431884765625,1257.725,1236.9785009765626,1325.9336053466798,0.01769328485476228
2025-05-02,1407.6436767578125,1414.4845019236116,1397.0352178747166,1401.8932881277126,13007841,0.010533849468939094,14.67333984375,1344.8573172433037,1263.405936686198,1241.0086962890625,1325.145083618164,0.017605038142626456
2025-05-05,1419.0452880859375,1427.1750314493302,1414.6829365878357,1418.747808269532,12685649,0.008099785134819015,11.401611328125,1363.4538748604912,1269.7660196940103,1245.2758471679688,1324.4312316894532,0.017475494125853558
2025-05-06,1408.7342529296875,1419.7391903256466,1398.5223933042987,1418.7477523435755,14084117,-0.007266177649733696,-10.31103515625,1380.3508126395088,1275.782401529948,1249.313974609375,1323.586407470703,0.017596711125400632
2025-05-07,1393.9617919921875,1412.2042749259901,1390.6899982666434,1408.7342420156256,13440169,-0.010486336160832499,-14.7724609375,1395.3073556082588,1281.0320638020833,1252.9049633789064,1322.6652502441407,0.017808830692720653
2025-05-08,1394.9532470703125,1408.6351396947061,1386.030305191398,1392.0780527042998,16106175,0.0007112498232164643,0.991455078125,1400.7177559988838,1285.5877197265625,1256.5058642578124,1321.85267578125,0.017634206175236422
2025-05-09,1365.4083251953125,1382.8577303043132,1362.731491083779,1373.637308764333,13668904,-0.021179865301615197,-29.544921875,1397.5309884207588,1288.92060546875,1259.4752197265625,1320.8408728027343,0.01819747247299597
2025-05-12,1424.2005615234375,1426.6791563050656,1388.013077711669,1388.013077711669,10674081,0.04305835495745569,58.792236328125,1401.9924490792412,1293.3622477213542,1263.51037109375,1320.2787780761719,0.01939551212034362
2025-05-13,1403.57861328125,1435.304626683893,1400.3069407641844,1421.226256646525,11407896,-0.014479665855579138,-20.6219482421875,1401.4117257254463,1297.6667358398438,1267.2292529296874,1319.8827026367187,0.01944680098305254
2025-05-14,1412.204345703125,1417.6572548355593,1403.3805230837922,1407.8419941921477,5570160,0.006145528537022882,8.625732421875,1400.4344482421875,1302.6685424804687,1271.3903198242188,1319.5928704833984,0.019294508877161567
2025-05-15,1441.7491455078125,1448.8875719918406,1400.6044669576877,1412.7992032271827,20177211,0.020921051471469054,29.5447998046875,1405.1508614676338,1308.484981282552,1276.3514770507813,1319.4122271728515,0.019542395493638946
2025-05-16,1443.9302978515625,1448.4908883531898,1434.9082364412498,1440.757623701411,9036695,0.0015128514905287105,2.18115234375,1412.2892194475446,1314.4765747070312,1281.2947875976563,1319.2587927246093,0.01950751931672241
2025-05-19,1428.4638671875,1442.1456384779733,1425.886031660542,1439.667043567546,6195791,-0.010711341598050206,-15.4664306640625,1417.076450892857,1320.696199544271,1286.0675708007811,1318.9458911132813,0.01927423566566031
2025-05-20,1412.4024658203125,1432.6278240113834,1409.6265122020175,1425.88599760598,11270560,-0.011243827538186757,-16.0614013671875,1423.7898995535713,1326.4283569335937,1291.0911865234375,1318.4979675292968,0.019469711746722775
2025-05-21,1416.9630126953125,1423.9030780659657,1405.9580760983038,1411.708464386899,6136364,0.003228928712150969,4.560546875,1422.7559640066963,1332.3935017903646,1296.3914111328124,1318.107183227539,0.01943320608742432
2025-05-22,1397.332763671875,1411.6094953044076,1384.9397884743898,1409.031659643212,12134466,-0.013853748367148477,-19.6302490234375,1421.8636997767858,1339.1584187825522,1301.0273754882812,1317.6564123535156,0.018275899173825567
2025-05-23,1414.5838623046875,1421.5239286750705,1394.5567410207764,1394.5567410207764,6474883,0.012345734016484755,17.2510986328125,1422.2036307198662,1347.7872436523437,1305.3341845703126,1317.2431091308595,0.016857017049196028
2025-05-26,1422.5152587890625,1428.6621258406371,1412.898237790455,1419.7391840414937,4842944,0.0056068761250060994,7.931396484375,1419.4559326171875,1356.1351521809895,1309.0025048828124,1316.9483874511718,0.01680223045987099
2025-05-27,1409.9239501953125,1424.696400543767,1401.794207036506,1413.8897021801247,12640414,-0.008851440092437768,-12.59130859375,1414.5978829520088,1363.959248860677,1312.645048828125,1316.8476110839845,0.017025545006735747
2025-05-28,1400.8028564453125,1410.4197571984832,1398.621620102477,1407.9411620533203,5944611,-0.006469209739104365,-9.12109375,1410.6463099888392,1370.3689005533854,1315.9286938476562,1316.6581231689454,0.016648182964547318
2025-05-29,1405.660888671875,1407.842003929875,1396.5395861721686,1400.0096192804465,13771917,0.003468034209246351,4.8580322265625,1409.6832275390625,1376.2415201822917,1319.1161694335938,1316.4495739746094,0.01648708824498716
2025-05-30,1408.7342529296875,1418.3511529457182,1397.6300749154059,1405.8590585766528,13788484,0.0021864194149390226,3.0733642578125,1408.5076904296875,1382.2430216471355,1322.54654296875,1316.3339556884766,0.016464097402088717
2025-06-02,1401.5958251953125,1405.3633379328091,1383.650821945961,1400.0095486308933,8098668,-0.0050672635520357945,-7.138427734375,1409.11669921875,1386.8432902018228,1326.013603515625,1316.0582702636718,0.01592761276893256
2025-06-03,1393.466064453125,1414.2862617875367,1391.3840689247124,1410.1222707307113,11252626,-0.005800360272230853,-8.1297607421875,1406.0998709542412,1390.478564453125,1329.3180688476561,1315.8094964599609,0.015824654682171844
2025-06-04,1411.3118896484375,1413.493004678654,1394.0608455067168,1402.5871874772963,8126827,0.012806788518611167,17.8458251953125,1404.4993896484375,1394.8508015950522,1332.8148681640625,1315.6351300048827,0.015882035775739465
2025-06-05,1430.0501708984375,1442.244785474372,1411.4110884077945,1415.7734397380668,13716817,0.013277207814544667,18.73828125,1407.3745640345983,1399.5568277994792,1336.2502001953126,1315.5632244873048,0.015973833066592516
2025-06-06,1431.140625,1439.0721282906131,1424.6962785763767,1428.6620302216834,8182161,0.0007625285628107825,1.0904541015625,1411.708530970982,1404.2463256835938,1339.5645776367187,1315.4159954833985,0.015976448420254117
2025-06-09,1436.3953857421875,1445.0208477095387,1432.9253528317358,1444.5251287223314,7885125,0.0036717291441485944,5.2547607421875,1416.0991734095983,1409.1506388346354,1342.4734594726563,1315.2196911621095,0.015953845448416337
2025-06-10,1426.1834716796875,1441.4516401070769,1423.704876838395,1437.5850079496329,7913181,-0.007109403277025583,-10.2119140625,1418.5919189453125,1411.4540730794272,1345.5082495117188,1314.9349005126953,0.013119650215669153
2025-06-11,1436.4945068359375,1456.0257865422643,1430.7441181682645,1433.4210733170682,8195700,0.007229809741173154,10.31103515625,1423.5774448939733,1413.0800333658854,1348.99513671875,1314.6881561279297,0.012566825665982082
2025-06-12,1429.2569580078125,1444.5251270006308,1422.1186530105915,1441.055094094315,8828114,-0.005038340761961302,-7.237548828125,1428.6904296875,1414.2895874023438,1352.23515625,1314.4079510498048,0.012608084310083987
2025-06-13,1415.67431640625,1423.2092208521976,1402.1907840779525,1411.8076840776937,9757276,-0.00950328877215667,-13.5826416015625,1429.3136335100446,1414.557275390625,1355.2649926757813,1314.0506616210937,0.01261271006889244
2025-06-16,1425.489501953125,1430.050092219024,1412.204209506703,1414.6828043278585,8458093,0.006933222869926148,9.815185546875,1428.662109375,1414.7720825195313,1358.9372802734374,1313.67986328125,0.012589501561385566
2025-06-17,1418.9459228515625,1435.602128554236,1413.5922548276174,1435.602128554236,10366599,-0.004590408482557651,-6.5435791015625,1426.9200090680804,1415.1124715169271,1362.5074438476563,1313.3365771484375,0.012543981518537233
2025-06-18,1417.85546875,1430.4468040463896,1413.4931173168031,1417.7563491543892,6681735,-0.0007684958841638334,-1.0904541015625,1424.271449497768,1415.9089274088542,1366.1043798828125,1312.99849609375,0.012379807398715166
2025-06-19,1421.028076171875,1427.5715425014369,1413.4930508573852,1417.8554020854735,10007230,0.0022376098916994103,3.172607421875,1423.5349644252233,1416.7780883789062,1370.637236328125,1312.564122314453,0.01238324641619579
2025-06-20,1453.6463623046875,1458.4053131642288,1415.8725983169522,1418.7477927518771,29010635,0.0229540053991637,32.6182861328125,1425.9852294921875,1419.719356282552,1376.59578125,1312.3488562011719,0.012316782392454765
2025-06-23,1444.326904296875,1451.266970188698,1429.6535737155343,1440.5593915455418,5989078,-0.006411090241396078,-9.3194580078125,1428.1380789620537,1420.390234375,1382.0407592773438,1312.0541510009766,0.009682551281204406
2025-06-24,1438.378173828125,1462.3709229333156,1430.7440292763747,1452.4565437947847,16402744,-0.004118687016805178,-5.94873046875,1431.3814871651787,1421.5502197265625,1387.3043017578125,1311.7650225830077,0.009306831085712852
2025-06-25,1454.737060546875,1459.7933702625824,1447.9952335758323,1451.4652666586912,7525851,0.011373147212886403,16.35888671875,1435.5597098214287,1422.9679768880208,1392.2287768554688,1311.5307958984374,0.009456965122383613
2025-06-26,1482.4971923828125,1485.9672251547677,1452.55569413543,1456.5214458748073,14657893,0.01908257690602988,27.7601318359375,1444.638462611607,1424.3262451171875,1397.2890747070312,1311.5423211669922,0.009328728552688596
2025-06-27,1502.425048828125,1508.9685148979506,1484.0834473001275,1486.5620421012081,11117052,0.013442087140335568,19.9278564453125,1456.7198311941963,1426.2760701497396,1402.7637915039063,1311.7930310058593,0.00960282388452491
2025-06-30,1487.7518310546875,1511.7447031481738,1483.191240482831,1500.838885203447,8409527,-0.009766355922302017,-14.6732177734375,1466.2517961774554,1428.252335611979,1407.2470727539062,1311.9821478271485,0.009563299665994255
2025-07-01,1515.3138427734375,1518.2881567329412,1487.256099345396,1487.7518183386467,10368523,0.018525947099128137,27.56201171875,1475.0614362444196,1431.68271484375,1411.8651928710938,1312.3136596679688,0.00974874942134651
2025-07-02,1505.796142578125,1516.9002002088087,1495.7825215605471,1515.3139235508756,6361002,-0.006281009205256427,-9.5177001953125,1483.8427559988838,1434.643819173177,1416.3782202148439,1312.6472790527343,0.009874430446571922
2025-07-03,1504.8045654296875,1518.783816287235,1500.0456148706696,1507.7788792727886,11283291,-0.0006585068990413445,-0.9915771484375,1493.332240513393,1438.226212565104,1420.696923828125,1312.8356524658202,0.00942401277165097
2025-07-04,1514.223388671875,1516.900223008299,1504.2097675037892,1510.9515946827762,6603501,0.006259167109516239,9.4188232421875,1501.830287388393,1441.5475301106771,1425.1722778320313,1313.1066876220702,0.00926933603355788
2025-07-07,1528.3016357421875,1531.5734294639212,1511.9429091838053,1513.5291857359532,7251074,0.009297338276263556,14.0782470703125,1508.373779296875,1445.0737426757812,1429.9529907226563,1313.4544342041015,0.009338788504563393
2025-07-08,1524.43505859375,1531.6726044702705,1517.0983931213486,1522.8487819842126,7171261,-0.002529982994201152,-3.8665771484375,1511.51806640625,1448.890779622396,1433.3000830078124,1313.7781384277343,0.009144626153729716
2025-07-09,1505.9942626953125,1537.7202774459709,1497.1704406377573,1523.5426661942138,8870660,-0.012096806482165712,-18.4407958984375,1514.1241280691963,1452.3971598307292,1435.665654296875,1314.0535107421874,0.009392430515883267
2025-07-10,1504.209716796875,1511.6455019531181,1494.5928164048603,1506.688311848956,10047129,-0.00118496195014961,-1.7845458984375,1512.5378243582588,1455.6821207682292,1437.8904418945312,1314.2891009521484,0.009413586421267259
2025-07-11,1482.3980712890625,1502.0285923917668,1477.540121836759,1499.0542783474266,7234991,-0.014500401948113417,-21.8116455078125,1509.1952427455358,1458.1375813802083,1439.3855297851562,1314.3350787353515,0.00990113041526847
2025-07-14,1470.9964599609375,1487.1569471972039,1466.4358695278945,1479.4236826617216,10311846,-0.007691329035668826,-11.401611328125,1504.365513392857,1460.4509358723958,1440.4245532226562,1314.2871173095702,0.00997472768445146
2025-07-15,1472.6820068359375,1483.6869442622558,1469.7076928815193,1473.4750846086956,8132454,0.0011458537942672375,1.685546875,1498.4310302734375,1463.0914672851563,1441.7035083007813,1314.2674127197265,0.009875706679099053
2025-07-16,1472.8802490234375,1478.234038357326,1458.9009976142222,1460.388154594461,10409983,0.0001346130302264381,0.1982421875,1490.5136893136162,1465.1437459309896,1443.2818774414063,1314.2260205078126,0.00966142775126419
2025-07-17,1463.759033203125,1476.845965908467,1461.2804382949055,1474.6648507992907,11854613,-0.006192774888766461,-9.1212158203125,1481.8456856863838,1466.2673746744792,1444.6579931640624,1314.1191931152343,0.0094933652090788
2025-07-18,1463.3624267578125,1472.0871292027396,1456.521480639079,1472.0871292027396,10296318,-0.00027095063894810867,-0.3966064453125,1475.7554234095983,1467.341434733073,1446.6170751953125,1313.8704656982422,0.009495456829036254
2025-07-21,1416.3682861328125,1463.362470991638,1410.9153771961905,1452.4566531183941,22442744,-0.03211380842210021,-46.994140625,1463.2066476004463,1466.6738647460938,1446.4604296875,1313.6326446533203,0.011212857279298969
2025-07-22,1400.70361328125,1419.640054314783,1398.6214967228645,1415.178583447059,20396320,-0.011059745551301958,-15.6646728515625,1451.5360107421875,1465.8245361328125,1446.4029296875,1313.374747314453,0.01131699235783971
2025-07-23,1412.4024658203125,1413.7905031420296,1402.2898472373465,1413.7905031420296,8354596,0.008352125623248163,11.6988525390625,1443.1654401506696,1465.0214680989584,1446.4068920898437,1313.4621173095702,0.011345377696822641
2025-07-24,1390.8883056640625,1410.8161839876018,1384.0473596954969,1407.0486714179167,14740507,-0.015232315630201554,-21.51416015625,1431.4806256975446,1463.7425130208333,1445.3896752929688,1313.543291015625,0.011634912185728622
2025-07-25,1379.7841796875,1389.0046012536307,1372.2492752918665,1386.9226057137396,11854722,-0.007983477847461673,-11.1041259765625,1418.181187220982,1462.5461751302084,1444.1067529296874,1313.6472680664062,0.0115991488112121
2025-07-28,1375.7193603515625,1395.746480796028,1373.1416457270684,1380.379191620021,7748361,-0.002945981984557977,-4.0648193359375,1405.6040910993304,1460.8871704101562,1443.0518627929687,1313.5989361572265,0.011512220348617576
2025-07-29,1404.966796875,1408.0402305383973,1371.1587845273314,1371.1587845273314,10750072,0.02125974044296597,29.2474365234375,1397.2618582589287,1460.4211995442708,1442.9031494140625,1313.8096166992189,0.012190905727876311
2025-07-30,1398.0267333984375,1411.1137879299629,1389.3021514025702,1405.9582375902166,7209849,-0.004939663693119933,-6.9400634765625,1394.641636439732,1459.7602416992188,1442.524423828125,1314.0031951904298,0.012220677811046325
2025-07-31,1378.2969970703125,1390.5908519212596,1370.365493427784,1376.215001569177,17065827,-0.01411256012262685,-19.729736328125,1391.4406912667412,1458.3358723958333,1442.1437084960937,1314.092919921875,0.012461339577122713
2025-08-01,1381.76708984375,1393.8627060383,1372.4476694796913,1375.025384070285,10321171,0.002517666933043783,3.4700927734375,1387.064208984375,1455.9398966471354,1441.487373046875,1314.1978881835937,0.011641613980192303
2025-08-04,1399.4146728515625,1403.975263237478,1379.7841529413568,1383.155066191865,6312820,0.012771749405182442,17.6475830078125,1388.282261439732,1454.442822265625,1441.025361328125,1314.5323742675782,0.011893663975348951
2025-08-05,1379.7841796875,1398.918980991344,1376.2150271869518,1398.918980991344,9315972,-0.014027645661354837,-19.6304931640625,1388.282261439732,1452.4896891276042,1440.4225659179688,1314.7188879394532,0.01211917450938476
2025-08-06,1380.8748779296875,1383.9483114870873,1371.456217044825,1379.9825595355662,5834312,0.0007904846701709545,1.0906982421875,1389.018763950893,1450.0276163736978,1440.0240063476563,1314.8992059326172,0.01188897630811278
2025-08-07,1377.50390625,1381.7670168023217,1354.3042341107182,1375.818389126872,9976705,-0.002441185464059914,-3.3709716796875,1385.095493861607,1446.5278401692708,1439.4608666992187,1315.0484173583984,0.011224509081320463
2025-08-08,1356.0888671875,1385.2370458989403,1353.312792536344,1373.1415514013454,8793606,-0.015546263763997925,-21.4150390625,1379.1043701171875,1441.6499674479167,1438.407958984375,1315.0414770507812,0.011061650638512568
2025-08-11,1374.331298828125,1376.1159356273254,1349.5453489789295,1358.2700517359046,9997486,0.01345223906930193,18.242431640625,1378.537841796875,1437.8692830403645,1437.8626684570313,1315.2538928222657,0.01140425118938631
2025-08-12,1368.5810546875,1389.8969719255274,1363.4255044148417,1370.0682117041065,12244664,-0.004184030550368867,-5.750244140625,1376.6541224888392,1432.9781901041667,1437.3649682617188,1315.4614758300781,0.01068631025792067
2025-08-13,1370.7620849609375,1379.8833867126677,1365.7057756228248,1376.115874093997,7457021,0.00159364347911084,2.1810302734375,1372.5608956473213,1428.4770548502604,1436.5539721679688,1315.673642578125,0.010708110696135812
2025-08-14,1367.4774169921875,1374.3455639562076,1363.794372575189,1370.961308962897,7126128,-0.002396234915443829,-3.28466796875,1370.8027866908483,1423.899483235677,1435.3025170898438,1315.9286254882813,0.010699305542620236
2025-08-18,1375.3409423828125,1388.4802648218374,1370.6626218339861,1383.602791829514,11785109,0.005750387752597064,7.863525390625,1370.0122244698662,1419.270068359375,1434.1865234375,1316.1907043457031,0.010684303769017021
2025-08-19,1413.564208984375,1414.460091190419,1382.7068811681168,1383.6027633741608,14384719,0.0277918481328272,38.2232666015625,1375.1636962890625,1415.445487467448,1433.7298999023437,1316.6158911132814,0.011892323743016658
2025-08-20,1406.4969482421875,1418.342205158243,1403.510755146132,1406.4969482421875,8725641,-0.004999603624136206,-7.0672607421875,1382.3648507254463,1411.5142171223958,1433.3361694335938,1316.9864080810546,0.011900870559080103
2025-08-21,1418.24267578125,1425.3099750709036,1413.7633861810953,1418.4417067156319,11021323,0.008351050852788644,11.7457275390625,1388.637904575893,1408.5891642252604,1432.9711328125,1317.4743963623048,0.011924445794640538
2025-08-22,1402.71435546875,1416.84907536351,1401.4204113959267,1413.464698965694,5818868,-0.010948986783200665,-15.5283203125,1393.5140904017858,1405.205985514323,1432.4402807617187,1317.852025756836,0.01203612590762237
2025-08-25,1406.0987548828125,1412.9670232567023,1399.230486508923,1408.1890657335161,5979407,0.002412750251587381,3.3843994140625,1398.5621861049108,1402.6626749674479,1432.24876953125,1318.4275146484374,0.011837277707730033
2025-08-26,1378.5262451171875,1403.5107021083375,1375.241384232256,1401.519906786198,12145259,-0.019609227068779322,-27.572509765625,1400.140590122768,1399.5803344726562,1431.3095043945314,1318.8495257568359,0.012238734137351747
2025-08-28,1379.521728515625,1385.7926612650012,1360.2109883890075,1383.50331940736,13161813,0.0007221359781603987,0.9954833984375,1400.7378452845983,1396.474991861979,1430.5210205078124,1319.1771228027344,0.012235115821885863
2025-08-29,1350.9537353515625,1397.0406983353935,1343.7869203796088,1374.7437651325777,18758842,-0.02070862138199292,-28.5679931640625,1391.793491908482,1392.4107747395833,1429.1829858398437,1319.4595361328124,0.012687089719272423
2025-09-01,1347.6689453125,1356.9260708455383,1334.430107544873,1349.759256141992,11232238,-0.0024314600515965568,-3.2847900390625,1383.3894914899554,1388.541105143229,1427.7158032226562,1319.8340887451172,0.01267096220407526
2025-09-02,1360.2109375,1378.128095842481,1348.2661652716795,1348.5648331807902,11517006,0.009306434069823899,12.5419921875,1375.0992431640625,1385.1027221679688,1425.8470947265625,1320.326128540039,0.012852910681290654
2025-09-03,1366.2828369140625,1370.1649121838109,1354.2385492379765,1363.3961593284287,7847563,0.004463939560155561,6.0718994140625,1369.894740513393,1383.4332071940105,1424.2862133789063,1320.8408435058593,0.011606975534452958
2025-09-04,1353.0440673828125,1367.6763641601647,1350.8541196588233,1365.4865379446771,13223177,-0.009689625876550978,-13.23876953125,1362.3154994419642,1381.8445556640625,1422.57953125,1321.3994140625,0.011569208945323173
2025-09-05,1368.671875,1374.6442613636364,1353.0441792852228,1356.7271022727273,5777575,0.011550109855192225,15.6278076171875,1360.9077322823662,1380.3868693033853,1420.8582275390625,1321.9590393066405,0.011673460363944534
2025-09-08,1372.15576171875,1379.6212446443146,1366.0838599076599,1373.6488583038629,6986720,0.0025454506535760313,3.48388671875,1359.8554513113838,1379.762451171875,1418.6513989257812,1322.5700408935547,0.011372471724541899
2025-09-09,1369.8662109375,1374.843199236951,1362.4007284883235,1370.2643943031567,9754452,-0.001668579358936717,-2.28955078125,1362.5572335379463,1379.4318522135416,1416.0002221679688,1323.26427734375,0.011285172655546315
2025-09-10,1370.66259765625,1382.1096709119122,1367.7759200987732,1377.5308659113482,7790815,0.0005813609478000359,0.79638671875,1365.842041015625,1379.2632934570313,1413.6584375,1324.054946899414,0.011273719461668935
2025-09-11,1376.9337158203125,1379.1235422027225,1368.6718661340626,1369.6672638548873,9766072,0.004575245705825681,6.2711181640625,1368.2310093470983,1378.328857421875,1410.8908349609376,1324.6667877197265,0.01057556286078768
2025-09-12,1388.579833984375,1389.873899637371,1374.146566892781,1376.9337291414593,7403368,0.008458009292861446,11.6461181640625,1371.416294642857,1378.0139607747396,1408.5465087890625,1325.229783935547,0.010669220695168733
2025-09-15,1392.8599853515625,1394.3530818320328,1382.2091575524387,1386.5889315301856,5396697,0.0030823948774383325,4.2801513671875,1377.104282924107,1378.499393717448,1406.3076171875,1325.7710528564453,0.010351573618229727
2025-09-16,1398.8323974609375,1401.5199225726963,1391.7649767809332,1398.2350616507645,8686961,0.004287876866437168,5.972412109375,1381.4129289899554,1379.0682373046875,1403.9997973632812,1326.3545770263672,0.010369078885155291
2025-09-17,1407.2933349609375,1409.6821922648512,1400.4250664409112,1400.5245819104894,7519417,0.0060485713051525725,8.4609375,1386.432582310268,1379.330859375,1401.5796313476562,1327.0914465332032,0.01016447216930191
2025-09-18,1408.4876708984375,1415.4554544293837,1404.2074124117412,1413.8628424954393,9332642,0.0008486758999204369,1.1943359375,1391.9499337332588,1380.2876424153646,1399.26068359375,1327.728204345703,0.009800937836183382
2025-09-19,1400.9227294921875,1410.4785229891424,1397.1401696768169,1408.3882121473878,13461373,-0.005370967430211482,-7.56494140625,1396.2728097098213,1380.9559041341147,1397.1592529296875,1328.243112182617,0.009864045226871286
2025-09-22,1384.199951171875,1404.2074196840813,1381.6119415772491,1397.4387885526373,7757970,-0.01193697408733907,-16.7227783203125,1397.3108433314733,1381.1791056315103,1394.7590576171874,1328.6042626953124,0.010111836855747328
2025-09-23,1383.40380859375,1388.5798281670254,1370.4636381520502,1384.5982372618869,14014702,-0.0005751644315916682,-0.796142578125,1396.5714111328125,1382.0896036783854,1392.7791723632813,1329.032568359375,0.009667011292694244
2025-09-24,1376.635009765625,1389.5751797778832,1374.0470000648747,1378.9244730635044,5922759,-0.004892858315176718,-6.768798828125,1394.2535574776787,1382.1663940429687,1390.891943359375,1329.3620904541015,0.009409999506377827
2025-09-25,1366.0838623046875,1378.128150477363,1362.6994857374575,1374.942926360271,11411143,-0.007664448009885971,-10.5511474609375,1389.5751953125,1382.083154296875,1388.75998046875,1329.6909075927733,0.009485769268183859
2025-09-26,1371.2598876953125,1376.3363918134596,1359.7132983361805,1365.685684712474,9879109,0.0037889514205171615,5.176025390625,1384.4275599888392,1382.099747721354,1386.7275732421874,1330.1269024658204,0.009507070092440525
2025-09-29,1366.48193359375,1382.6073268149732,1361.7039763015719,1375.2413599514077,14231999,-0.0034843534361621575,-4.7779541015625,1378.4267403738838,1382.0665649414063,1384.78203125,1330.5900671386719,0.009518815671616915
2025-09-30,1357.722412109375,1370.7620971908361,1356.5279835173724,1370.7620971908361,14604684,-0.006410272444172027,-8.759521484375,1372.2552664620537,1381.4792805989584,1382.6692309570312,1331.0423992919923,0.00952527792015321
2025-10-01,1362.4007568359375,1372.255218175594,1356.4283707523282,1360.7086293823172,12045916,0.003445729911237372,4.6783447265625,1369.1410958426338,1379.7738321940103,1381.5898803710938,1331.5939678955078,0.007948402260728819
2025-10-03,1357.125244140625,1365.287456651113,1350.6551591113212,1356.926091696157,12842347,-0.0038722179717254335,-5.2755126953125,1365.3870152064733,1378.1281087239583,1380.7183129882812,1332.0698345947267,0.007932454989835953
2025-10-06,1368.671875,1371.0608538471567,1352.7455113636363,1353.740909090909,12396580,0.008508154209957652,11.546630859375,1364.2494245256696,1376.4757486979167,1379.843701171875,1332.6259893798829,0.007938999472165099
2025-10-07,1378.4267578125,1389.47564777439,1369.5676941462978,1369.667209612737,11244040,0.00712726183001311,9.7548828125,1366.0126953125,1375.666162109375,1379.5944702148438,1333.3449346923828,0.00785552991160186
2025-10-08,1361.1068115234375,1382.6073771032557,1358.2201339506064,1378.426755451918,8525081,-0.012565010212474692,-17.3199462890625,1364.562255859375,1374.1664306640625,1379.2209228515626,1333.9378704833985,0.00813170536944369
2025-10-09,1371.458984375,1373.6488106871855,1362.7989515764332,1367.676424553763,8826633,0.007605702038898432,10.3521728515625,1365.2732631138392,1373.9308553059896,1379.1357153320312,1334.695591430664,0.007482102359767513
2025-10-10,1375.3409423828125,1381.6119964455866,1368.7713419175536,1371.45898859096,6373084,0.0028305316105254885,3.8819580078125,1367.7901960100446,1373.7914957682292,1378.5431982421876,1335.5973950195312,0.007500399815361906
2025-10-13,1368.671875,1371.3594002602317,1361.505059967041,1370.5631549835205,7600682,-0.0048490284679943985,-6.6690673828125,1368.686070033482,1374.382100423177,1377.9561010742189,1336.381580810547,0.006486189389745263
2025-10-14,1369.5677490234375,1381.612037149334,1363.7943936365562,1373.6488553790207,9768174,0.0006545571950453688,0.8958740234375,1370.4635707310267,1375.112060546875,1377.7815161132812,1337.1680157470703,0.006463267568447155
2025-10-15,1367.97509765625,1377.6304066718624,1366.382364141153,1376.6350089791804,10882743,-0.001162886150263942,-1.5926513671875,1370.3640311104912,1375.3708658854166,1377.5056762695312,1337.9772216796875,0.006253844166003575
2025-10-16,1391.8646240234375,1394.0544503152107,1368.671809484766,1368.7713249510273,12315932,0.017463421964418302,23.8895263671875,1372.283726283482,1376.2235921223958,1377.3546752929688,1338.8835675048829,0.006968383447416751
2025-10-17,1410.279541015625,1416.7496262080865,1392.6609284325848,1394.5522084059296,19335561,0.013230393728203227,18.4149169921875,1379.3084019252233,1378.1314412434897,1377.9645825195312,1339.933295288086,0.0070525307349448415
2025-10-20,1460.04931640625,1467.0170999313523,1426.7034952504036,1433.3726108781723,24721978,0.035290716445324666,49.769775390625,1391.9641636439733,1381.1773559570313,1379.5480712890626,1341.2083258056641,0.00922681980006832
2025-10-21,1458.4566650390625,1467.2162134241023,1453.2806455896807,1461.2438272093502,2066169,-0.0010908202546936474,-1.5926513671875,1403.8378383091517,1384.054052734375,1381.1671264648437,1342.4466412353515,0.009245953418842994
2025-10-23,1441.7340087890625,1476.0752283864208,1437.9514490416038,1468.2115624957596,18707090,-0.0114659946029676,-16.72265625,1414.2752859933037,1386.4496459960938,1382.880029296875,1343.49947265625,0.009550787435647946
2025-10-24,1444.9193115234375,1453.0816457634617,1434.3681199531734,1443.3266994671071,9700837,0.002209355342217556,3.185302734375,1425.039794921875,1388.9248697916667,1384.2917895507812,1344.521880493164,0.00954854580353226
2025-10-27,1477.2696533203125,1478.16553552233,1451.289798512833,1456.266786847925,14113867,0.022389029988648,32.350341796875,1440.6533028738838,1392.2694010416667,1386.4655615234376,1345.8703717041017,0.010254619664683447
2025-10-28,1480.056884765625,1485.1333888036675,1470.79963742504,1477.26972256393,17631577,0.0018867452120525652,2.7872314453125,1453.252197265625,1395.3186360677084,1388.6514575195313,1347.1195275878906,0.010190686562384893
2025-10-29,1497.277099609375,1501.3583271895798,1481.2512217130793,1483.1425015536738,11884745,0.01163483310742941,17.22021484375,1465.680419921875,1398.7992065429687,1391.247451171875,1348.3325891113282,0.010335440489312248
2025-10-30,1481.6494140625,1496.1821955688695,1477.1701246011085,1493.0964871305005,9318663,-0.010437403705000348,-15.627685546875,1468.766148158482,1401.5597737630208,1393.3736206054687,1349.5208026123046,0.010592287649670656
2025-10-31,1479.5592041015625,1490.6080945575152,1475.4780977270138,1483.540795005222,8758053,-0.0014107318108448341,-2.0902099609375,1471.780796595982,1403.9686360677083,1394.6935205078125,1350.762264404297,0.010580857725777413
2025-11-03,1477.866943359375,1488.1195884585134,1472.4918928888083,1479.1610089962214,8452085,-0.0011437600722541408,-1.6922607421875,1476.9426443917412,1406.2812784830728,1396.1209204101563,1352.0054272460939,0.010592788925991149
2025-11-04,1466.3203125,1485.9297198935935,1463.334119430687,1477.07065615293,10007806,-0.0078130381840249,-11.546630859375,1479.9999302455358,1408.4611979166666,1397.0824731445311,1353.1963098144531,0.010657848505593015
2025-11-06,1489.2144775390625,1494.6891648996161,1469.406038969176,1477.1701896475465,16772678,0.015613345081491259,22.8941650390625,1481.706333705357,1411.9616821289062,1398.8124755859376,1354.4349896240235,0.010640244172241775
2025-11-07,1471.19775390625,1491.5038906434634,1469.1074431042953,1487.7213309001133,7821765,-0.012098138921255441,-18.0167236328125,1480.4407435825892,1414.8881469726562,1400.1144555664061,1355.5129455566407,0.010958117447499674
2025-11-10,1482.44580078125,1494.0919049344996,1468.7092643110286,1471.0982430243503,7068438,0.007645503023053557,11.248046875,1478.321986607143,1418.4151733398437,1402.1928466796876,1356.4691784667968,0.010920837990289688
2025-11-11,1486.5269775390625,1491.9021495222175,1473.3876547459602,1490.1103850249956,7127506,0.0027530023395538894,4.0811767578125,1479.0187813895088,1422.4299438476562,1404.3329516601561,1357.4304498291015,0.01074983938351737
2025-11-12,1504.5435791015625,1517.6827797499902,1493.0965058897411,1498.0734942427068,12384459,0.01211992909292925,18.0166015625,1482.5879778180804,1426.872733561198,1407.4047485351562,1358.639194946289,0.010881048316478716
2025-11-13,1503.9464111328125,1515.0948167835015,1499.8653048593553,1508.0275174062697,7196443,-0.00039690971869799085,-0.59716796875,1486.3136160714287,1431.4548828125,1410.5302978515624,1359.828099975586,0.010830585395423687
2025-11-14,1511.9095458984375,1513.900341239272,1498.5711928131457,1498.5711928131457,7682823,0.005294826136542197,7.963134765625,1492.8263636997767,1436.5944539388022,1413.5642700195312,1361.1234948730469,0.010680128934614416
2025-11-17,1511.3123779296875,1516.6874283079178,1504.5436249599409,1513.900387650411,5871416,-0.0003949759893837612,-0.59716796875,1495.9832066127233,1441.558174641927,1416.4648608398438,1362.5019104003907,0.010705608462133934
2025-11-18,1512.4072265625,1520.7685911952462,1503.5481631005248,1514.696568271851,11045042,0.0007244356949636099,1.0948486328125,1501.8702741350446,1446.7342407226563,1419.6521240234374,1363.9698254394532,0.010628800939346863
2025-11-19,1511.9095458984375,1515.2939222795571,1505.0412776708577,1510.4164493928117,5692366,-0.0003290652512906167,-0.4976806640625,1506.079380580357,1451.5088297526042,1422.5168774414062,1365.4102172851562,0.010612587998175778
2025-11-20,1541.9705810546875,1543.7623455509595,1519.6736478639639,1522.9585089376258,18171724,0.019882826481121718,30.06103515625,1513.9998953683037,1456.9602905273437,1425.913173828125,1366.9954620361327,0.011015871159876876
2025-11-21,1539.4820556640625,1550.6305827884978,1533.0119706260582,1533.9078528560988,9615271,-0.001613860485537244,-2.488525390625,1518.9911063058037,1462.906131998698,1429.3054907226563,1368.481265258789,0.01062946412616234
2025-11-24,1528.831298828125,1542.8663816107544,1524.7501927010492,1542.8663816107544,18433951,-0.006918402716518335,-10.6507568359375,1522.5460902622767,1468.151875813802,1432.4688647460937,1369.854080810547,0.010796905194152854
2025-11-25,1532.61376953125,1552.4222077972818,1518.0809876078647,1528.8313312270848,15033482,0.0024740929270772316,3.782470703125,1525.5038364955358,1473.3943033854166,1435.5824658203126,1371.2482873535157,0.010798072003583688
2025-11-26,1562.6748046875,1564.3669320995493,1533.4100892950657,1535.2018536795324,14054299,0.019614227507197768,30.06103515625,1532.8413260323662,1479.8610677083334,1439.064365234375,1372.885498046875,0.01105313202544298
2025-11-27,1556.2047119140625,1568.2489991897637,1548.8387449947777,1567.7513003642512,9794643,-0.004140396168178739,-6.4700927734375,1539.098109654018,1486.0822998046874,1442.331259765625,1374.2955413818358,0.011144747553854152
2025-11-28,1560.285888671875,1574.0224254817672,1555.806599039324,1560.7835875199362,8959508,0.002622519213936192,4.0811767578125,1546.0090157645088,1492.4926595052084,1445.5603295898438,1375.7606909179688,0.01110179424625302
2025-12-01,1558.892333984375,1570.2398922139623,1556.403839701944,1567.7513979315313,8920233,-0.0008931406081523763,-1.3935546875,1548.4264090401787,1498.0602498372396,1448.5923095703124,1377.202265625,0.010863304631417098
2025-12-02,1539.1834716796875,1560.2858537619331,1534.9032130787248,1553.9152843475838,11389150,-0.012642863060538412,-19.7088623046875,1548.383754185268,1502.3570475260417,1451.2062255859375,1378.618910522461,0.01111629567193705
2025-12-03,1531.718017578125,1545.2554018922647,1525.9446623591427,1538.0884656023031,6090883,-0.004850269145247221,-7.4654541015625,1548.796142578125,1504.746004231771,1453.8221313476563,1380.0629193115235,0.009371855010006142
2025-12-04,1528.53271484375,1553.3181423785347,1510.6155558800758,1528.9308982335338,11867930,-0.002079562098127874,-3.185302734375,1548.213134765625,1507.0818725585937,1456.7087866210939,1381.5841967773438,0.009383523970041673
2025-12-05,1533.5096435546875,1538.685784402705,1513.6016899280953,1523.356635808528,10183266,0.003256017134998901,4.9769287109375,1544.0466831752233,1510.1410603841146,1459.7109033203126,1383.2210754394532,0.009055444064471079
2025-12-08,1535.898681640625,1543.861863398969,1527.9354998822807,1532.1161217020071,11301491,0.001557889183141814,2.3890380859375,1541.1458217075892,1513.1737060546875,1462.8961767578126,1384.8721301269532,0.009055950436305183
2025-12-09,1522.3612060546875,1535.4008911036892,1513.1039592099478,1533.211064854301,11503971,-0.008814042063944538,-13.5374755859375,1535.7280099051338,1514.6767578125,1466.0217236328126,1386.4497967529296,0.008411551785312587
2025-12-10,1529.8267822265625,1540.3779737710465,1524.3520947592017,1526.9401045329791,7991629,0.004903945359473916,7.465576171875,1531.5757882254463,1516.3357543945312,1469.1930615234376,1388.0268688964843,0.00844005419606764
2025-12-11,1537.889404296875,1542.8663926602953,1516.9860531705099,1529.826707449835,4706197,0.005270284298839245,8.0626220703125,1531.3909214564733,1517.6894978841146,1472.6212109375,1389.6417749023437,0.008244820351185905
2025-12-12,1549.3365478515625,1552.62140892391,1538.9843872841,1543.6628294631555,5106655,0.007443411420030577,11.4471435546875,1533.9078543526787,1519.9457356770833,1476.4534936523437,1391.3037548828124,0.008038818200299874
2025-12-15,1549.037841796875,1551.4268205626304,1539.3825327747268,1544.060853330096,5774543,-0.00019279610688960336,-0.2987060546875,1536.837158203125,1522.2616902669272,1480.1862353515626,1392.9367291259766,0.008026566594101316
2025-12-16,1535.201904296875,1544.5585453663573,1531.7180123854912,1537.8894294536826,11731856,-0.008931955777110256,-13.8359375,1537.0789097377233,1524.1728556315104,1483.7477685546876,1394.524566040039,0.00824019771485023
2025-12-17,1537.292236328125,1542.8664391614582,1532.2157323461342,1542.8664391614582,7116649,0.0013616007284771303,2.09033203125,1537.2779889787946,1526.5385864257812,1487.12017578125,1396.190272216797,0.008058481377885866
2025-12-18,1537.292236328125,1544.3595357154854,1528.1345045583196,1528.1345045583196,6580829,0.0,0.0,1539.4109933035713,1528.1411783854167,1490.2974853515625,1397.9082769775391,0.007614745603712316
2025-12-19,1557.8968505859375,1566.9549449740825,1543.8617679066683,1547.2461442463334,13937275,0.013403186310904314,20.6046142578125,1543.4210030691963,1531.0311482747395,1494.2332861328125,1399.7139373779296,0.007514763962277388
2025-12-22,1568.1495361328125,1570.2398469681211,1558.0960438231807,1566.2582562309594,10184852,0.00658110679344337,10.252685546875,1547.7438790457588,1533.887939453125,1498.1670971679687,1401.6055615234375,0.007489355623643549
2025-12-23,1563.4710693359375,1573.6241984599117,1560.8830596994947,1573.6241984599117,7506564,-0.002983431547231463,-4.678466796875,1549.7630964006696,1536.452742513021,1501.9296997070312,1403.6168084716796,0.007539942524703659
2025-12-24,1551.0286865234375,1568.448146711295,1546.4498812900458,1565.4619535362338,8815745,-0.00795817911602592,-12.4423828125,1550.0475027901787,1538.00224609375,1505.5768359375,1405.6121929931642,0.00747496734361527
2025-12-26,1552.0240478515625,1553.8158123179846,1547.1466963201515,1547.5447581940155,2311495,0.0006417426942348925,0.995361328125,1552.4506661551338,1539.604833984375,1509.2259619140625,1407.5446405029297,0.007470478468959953
2025-12-29,1538.4866943359375,1550.9291658570105,1536.495898892566,1547.7439417510202,5972105,-0.008722386443924313,-13.537353515625,1552.621303013393,1540.4907389322916,1512.6361938476562,1409.2408569335937,0.007634094245611246
2025-12-30,1532.71337890625,1546.449793829553,1530.7225835687998,1539.8801935176687,8815884,-0.0037525936694431383,-5.7733154296875,1551.9671805245537,1541.2041056315104,1515.4531689453124,1410.7089276123047,0.0076738306693611
2025-12-31,1563.172607421875,1569.7422080874378,1533.9078900841737,1533.9078900841737,5771830,0.019872749161595316,30.459228515625,1552.7208600725446,1542.8962849934896,1518.5110302734374,1412.3858068847655,0.008450429683550413
